comparison,meaning,measure,difference
llama_full minus llama_secalign,ours against Meta-SecAlign as specified,success within 7 attempts,"+0.171 [+0.110, +0.229]"
llama_full minus llama_secalign,ours against Meta-SecAlign as specified,success within 13 attempts,"+0.205 [+0.138, +0.271]"
llama_full minus llama_secalign_no_role,ours against Meta-SecAlign with data in the user turn,success within 7 attempts,"-0.071 [-0.129, -0.014]"
llama_full minus llama_secalign_no_role,ours against Meta-SecAlign with data in the user turn,success within 13 attempts,"-0.057 [-0.114, +0.005]"
llama_full minus llama_undefended,"ours against undefended, Llama",success within 7 attempts,"-0.419 [-0.490, -0.348]"
llama_full minus llama_undefended,"ours against undefended, Llama",success within 13 attempts,"-0.429 [-0.500, -0.357]"
llama_secalign minus llama_undefended,Meta-SecAlign against undefended,success within 7 attempts,"-0.590 [-0.657, -0.519]"
llama_secalign minus llama_undefended,Meta-SecAlign against undefended,success within 13 attempts,"-0.633 [-0.700, -0.567]"
qwen3b_v4 minus qwen3b_undefended,"ours against undefended, Qwen 3B",success within 7 attempts,"-0.676 [-0.733, -0.614]"
qwen3b_v4 minus qwen3b_undefended,"ours against undefended, Qwen 3B",success within 13 attempts,"-0.738 [-0.791, -0.681]"
qwen3b_v4 minus qwen3b_v2,"final recipe against v2, Qwen 3B",success within 7 attempts,"-0.005 [-0.029, +0.014]"
qwen3b_v4 minus qwen3b_v2,"final recipe against v2, Qwen 3B",success within 13 attempts,"+0.000 [-0.024, +0.024]"
qwen7b_v5 minus qwen7b_undefended,"ours against undefended, Qwen 7B",success within 7 attempts,"-0.581 [-0.648, -0.510]"
qwen7b_v5 minus qwen7b_undefended,"ours against undefended, Qwen 7B",success within 13 attempts,"-0.605 [-0.667, -0.538]"
