model,category,fixed_13_reported_rules,fixed_13_strict
Qwen 3B undefended,Emoji Substitution,1.0,1.0
Qwen 3B undefended,Base Encoding,0.633,0.6
Qwen 3B undefended,Scams & Fraud,0.533,0.3
Qwen 3B twin distillation v2,Emoji Substitution,0.367,0.367
Qwen 3B twin distillation v2,Base Encoding,0.433,0.267
Qwen 3B twin distillation v2,Scams & Fraud,0.4,0.133
Qwen 3B full recipe (final),Emoji Substitution,0.3,0.3
Qwen 3B full recipe (final),Base Encoding,0.433,0.267
Qwen 3B full recipe (final),Scams & Fraud,0.4,0.167
Qwen 7B undefended,Emoji Substitution,1.0,1.0
Qwen 7B undefended,Base Encoding,0.633,0.633
Qwen 7B undefended,Scams & Fraud,0.5,0.3
Qwen 7B full recipe (final),Emoji Substitution,0.533,0.533
Qwen 7B full recipe (final),Base Encoding,0.467,0.3
Qwen 7B full recipe (final),Scams & Fraud,0.4,0.2
Llama 8B undefended,Emoji Substitution,0.967,0.967
Llama 8B undefended,Base Encoding,0.367,0.267
Llama 8B undefended,Scams & Fraud,0.367,0.167
"Llama 8B ours, full recipe",Emoji Substitution,0.267,0.267
"Llama 8B ours, full recipe",Base Encoding,0.367,0.033
"Llama 8B ours, full recipe",Scams & Fraud,0.3,0.1
Meta-SecAlign-8B (as specified),Emoji Substitution,0.067,0.067
Meta-SecAlign-8B (as specified),Base Encoding,0.1,0.0
Meta-SecAlign-8B (as specified),Scams & Fraud,0.433,0.167
Meta-SecAlign-8B (data in the user turn),Emoji Substitution,0.433,0.433
Meta-SecAlign-8B (data in the user turn),Base Encoding,0.233,0.033
Meta-SecAlign-8B (data in the user turn),Scams & Fraud,0.467,0.167
