model,success_at_1,success_at_4,success_at_7,success_at_10,success_at_13
Qwen 3B undefended,"0.376 [0.313, 0.443]","0.595 [0.528, 0.659]","0.681 [0.615, 0.740]","0.733 [0.670, 0.789]","0.762 [0.700, 0.814]"
Qwen 3B twin distillation v2,"0.000 [0.000, 0.018]","0.010 [0.003, 0.034]","0.014 [0.005, 0.041]","0.019 [0.007, 0.048]","0.024 [0.010, 0.055]"
Qwen 3B full recipe (final),"0.000 [0.000, 0.018]","0.000 [0.000, 0.018]","0.010 [0.003, 0.034]","0.024 [0.010, 0.055]","0.029 [0.013, 0.061]"
Qwen 7B undefended,"0.357 [0.295, 0.424]","0.514 [0.447, 0.581]","0.600 [0.533, 0.664]","0.629 [0.561, 0.691]","0.638 [0.571, 0.700]"
Qwen 7B full recipe (final),"0.019 [0.007, 0.048]","0.024 [0.010, 0.055]","0.029 [0.013, 0.061]","0.038 [0.019, 0.073]","0.048 [0.026, 0.085]"
Llama 8B undefended,"0.376 [0.313, 0.443]","0.557 [0.490, 0.623]","0.619 [0.552, 0.682]","0.648 [0.581, 0.709]","0.671 [0.605, 0.731]"
"Llama 8B ours, full recipe","0.048 [0.026, 0.085]","0.143 [0.102, 0.197]","0.186 [0.139, 0.244]","0.219 [0.168, 0.280]","0.233 [0.181, 0.295]"
Meta-SecAlign-8B (as specified),"0.005 [0.001, 0.026]","0.014 [0.005, 0.041]","0.033 [0.016, 0.067]","0.048 [0.026, 0.085]","0.057 [0.033, 0.097]"
Meta-SecAlign-8B (data in the user turn),"0.100 [0.066, 0.148]","0.224 [0.173, 0.285]","0.267 [0.211, 0.330]","0.295 [0.238, 0.360]","0.300 [0.242, 0.365]"
