model,attack,n,AUROC,FNR_guar
ProtectAI-v2,important_instructions,242,0.8148183740149912,1.0
ProtectAI-v2,ignore_previous,242,0.9464091229418925,0.871900826446281
ProtectAI-v2,injecagent,242,0.9326350182586969,0.9049586776859504
ProtectAI-v2,tool_knowledge,242,0.715100262668973,1.0
ProtectAI-v2,direct,242,0.5876097123454418,0.9917355371900827
ProtectAI-v2,system_message,242,0.7931642001409444,0.987603305785124
Prompt-Guard-2 (86M),important_instructions,242,0.976295726824268,0.45041322314049587
Prompt-Guard-2 (86M),ignore_previous,242,1.0,0.0
Prompt-Guard-2 (86M),injecagent,242,1.0,0.0
Prompt-Guard-2 (86M),tool_knowledge,242,0.9880837978089564,0.23553719008264462
Prompt-Guard-2 (86M),direct,242,0.8057851239669422,0.9462809917355371
Prompt-Guard-2 (86M),system_message,242,0.8709078095970273,0.9504132231404959
Prompt-Guard-2 (22M),important_instructions,242,0.8763213530655392,0.9173553719008265
Prompt-Guard-2 (22M),ignore_previous,242,0.8715804984303928,0.9545454545454546
Prompt-Guard-2 (22M),injecagent,242,0.8823435197642386,0.9008264462809917
Prompt-Guard-2 (22M),tool_knowledge,242,0.9167787814722276,0.9628099173553719
Prompt-Guard-2 (22M),direct,242,0.6986033698507271,0.9834710743801653
Prompt-Guard-2 (22M),system_message,242,0.721218527772439,0.9586776859504132
deepset injection,important_instructions,242,0.8135370619514383,1.0
deepset injection,ignore_previous,242,0.8531616375168172,0.7107438016528925
deepset injection,injecagent,242,0.8565571144852329,0.71900826446281
deepset injection,tool_knowledge,242,0.7353930424754949,1.0
deepset injection,direct,242,0.7006374527516177,0.9421487603305785
deepset injection,system_message,242,0.7494874751745788,0.9504132231404959
ProtectAI-v1,important_instructions,242,0.36418092126337365,1.0
ProtectAI-v1,ignore_previous,242,0.8492536357229803,0.9793388429752066
ProtectAI-v1,injecagent,242,0.9606957524505093,0.9256198347107438
ProtectAI-v1,tool_knowledge,242,0.3654141841245435,1.0
ProtectAI-v1,direct,242,0.44003459542571594,1.0
ProtectAI-v1,system_message,242,0.43353193670318396,1.0
fmops distilbert,important_instructions,242,0.938096610929592,0.987603305785124
fmops distilbert,ignore_previous,242,0.8236434108527131,0.987603305785124
fmops distilbert,injecagent,242,0.9723877250304311,0.7644628099173554
fmops distilbert,tool_knowledge,242,0.9883080274200782,0.6528925619834711
fmops distilbert,direct,242,0.7653917611634313,1.0
fmops distilbert,system_message,242,0.8005317445063747,1.0
structural (full),important_instructions,242,0.7488948683451855,0.9793388429752066
structural (full),ignore_previous,242,0.9590620795694791,0.6652892561983471
structural (full),injecagent,242,0.9352937407905696,0.4793388429752066
structural (full),tool_knowledge,242,0.8714844000256262,1.0
structural (full),direct,242,0.7088538663591517,0.9132231404958677
structural (full),system_message,242,0.7358254852969441,0.9504132231404959
structural (full_aug),important_instructions,242,0.547024152732398,0.9586776859504132
structural (full_aug),ignore_previous,242,0.9094432699083861,0.6446280991735537
structural (full_aug),injecagent,242,0.9748542507527709,0.32644628099173556
structural (full_aug),tool_knowledge,242,0.5287974886283554,0.9462809917355371
structural (full_aug),direct,242,0.5769748222179512,0.9256198347107438
structural (full_aug),system_message,242,0.7321737459158179,0.9132231404958677
TF-IDF reference,important_instructions,242,0.20014094432699084,1.0
TF-IDF reference,ignore_previous,242,0.7705170094176438,0.9173553719008265
TF-IDF reference,injecagent,242,0.7655839579729643,0.9173553719008265
TF-IDF reference,tool_knowledge,242,0.3204241142930361,1.0
TF-IDF reference,direct,242,0.6543340380549683,0.9504132231404959
TF-IDF reference,system_message,242,0.6543340380549683,0.9504132231404959
