detector,pool,N,FNR_hijack_lo,docFPR_lo,notinjectFPR_lo,FNR_hijack_hi,docFPR_hi,notinjectFPR_hi,FNR_hijack_guar,docFPR_guar,notinjectFPR_guar
ProtectAI-v2,deepset,399,0.5333333333333333,0.5668380462724936,0.4778761061946903,0.8933333333333333,0.10796915167095116,0.40707964601769914,0.9066666666666666,0.07840616966580977,0.36283185840707965
ProtectAI-v2,jailbreak_benign,398,0.7066666666666667,0.39203084832904883,0.46017699115044247,0.8933333333333333,0.10925449871465295,0.40707964601769914,0.9533333333333334,0.038560411311053984,0.20648967551622419
ProtectAI-v2,notinject,339,1.0,0.0,0.02064896755162242,1.0,0.0,0.011799410029498525,1.0,0.0,0.011799410029498525
ProtectAI-v2,alpaca,3000,0.02,0.993573264781491,0.6253687315634219,0.02,0.9910025706940874,0.6135693215339233,0.02,0.9910025706940874,0.6135693215339233
ProtectAI-v2,dolly,3000,0.04,0.9717223650385605,0.5634218289085545,0.04,0.9691516709511568,0.5634218289085545,0.04,0.9691516709511568,0.5634218289085545
ProtectAI-v2,pooled_direct(deepset+jb+alpaca+dolly),6797,0.06,0.9588688946015425,0.551622418879056,0.06666666666666667,0.9562982005141388,0.5486725663716814,0.07333333333333333,0.9524421593830334,0.5457227138643068
Prompt-Guard-2 (86M),deepset,399,0.6666666666666666,0.16580976863753213,0.19174041297935104,0.9733333333333334,0.006426735218508998,0.12979351032448377,1.0,0.0,0.0855457227138643
Prompt-Guard-2 (86M),jailbreak_benign,398,1.0,0.0,0.08849557522123894,1.0,0.0,0.0855457227138643,1.0,0.0,0.05014749262536873
Prompt-Guard-2 (86M),notinject,339,1.0,0.0,0.014749262536873156,1.0,0.0,0.011799410029498525,1.0,0.0,0.008849557522123894
Prompt-Guard-2 (86M),alpaca,3000,0.23333333333333334,0.5989717223650386,0.2743362831858407,0.24,0.5951156812339332,0.26843657817109146,0.24,0.5951156812339332,0.26843657817109146
Prompt-Guard-2 (86M),dolly,3000,0.12666666666666668,0.7275064267352185,0.3303834808259587,0.12666666666666668,0.7275064267352185,0.3303834808259587,0.12666666666666668,0.7275064267352185,0.3303834808259587
Prompt-Guard-2 (86M),pooled_direct(deepset+jb+alpaca+dolly),6797,0.82,0.10925449871465295,0.17404129793510326,0.82,0.10796915167095116,0.17404129793510326,0.8333333333333334,0.10411311053984576,0.1710914454277286
Prompt-Guard-2 (22M),deepset,399,0.9666666666666667,0.028277634961439587,0.12979351032448377,0.9666666666666667,0.02570694087403599,0.10914454277286136,1.0,0.014138817480719794,0.06489675516224189
Prompt-Guard-2 (22M),jailbreak_benign,398,1.0,0.0,0.008849557522123894,1.0,0.0,0.0058997050147492625,1.0,0.0,0.0058997050147492625
Prompt-Guard-2 (22M),notinject,339,1.0,0.0,0.014749262536873156,1.0,0.0,0.011799410029498525,1.0,0.0,0.008849557522123894
Prompt-Guard-2 (22M),alpaca,3000,0.94,0.03598971722365039,0.19469026548672566,0.94,0.03598971722365039,0.19174041297935104,0.94,0.03598971722365039,0.19174041297935104
Prompt-Guard-2 (22M),dolly,3000,0.8733333333333333,0.06683804627249357,0.2831858407079646,0.8733333333333333,0.06426735218508997,0.2831858407079646,0.8733333333333333,0.06426735218508997,0.2831858407079646
Prompt-Guard-2 (22M),pooled_direct(deepset+jb+alpaca+dolly),6797,1.0,0.007712082262210797,0.05604719764011799,1.0,0.007712082262210797,0.05604719764011799,1.0,0.006426735218508998,0.05309734513274336
