detector,pool,N,blocked_convention,blocked_guar,calFPR_guar,top_tie,cap,fallback_earlier,FNR_low_hijack,FNR_high_hijack,FNR_guar_hijack,width_hijack,width_hijack_earlier,FNR_guar_hijack_earlier,docFPR_low,docFPR_high,docFPR_guar,notinjectFPR_low,notinjectFPR_high,notinjectFPR_guar,FNR_hijack_guar_earlier,docFPR_guar_earlier
ProtectAI-v2,deepset,399,4,3,0.007518796992481203,1,3,False,0.5333333333333333,0.8933333333333333,0.9066666666666666,0.36,0.36,0.9066666666666666,0.5668380462724936,0.10796915167095116,0.07840616966580977,0.4778761061946903,0.40707964601769914,0.36283185840707965,0.9066666666666666,0.0784061696658097
ProtectAI-v2,jailbreak_benign,398,4,3,0.007537688442211055,1,3,False,0.7066666666666667,0.8933333333333333,0.9533333333333334,0.18666666666666665,0.18666666666666665,0.9533333333333334,0.39203084832904883,0.10925449871465295,0.038560411311053984,0.46017699115044247,0.40707964601769914,0.20648967551622419,0.9533333333333334,0.0385604113110539
ProtectAI-v2,notinject,339,4,0,0.0,4,3,True,1.0,1.0,1.0,0.0,0.0,1.0,0.0,0.0,0.0,0.011799410029498525,0.011799410029498525,0.011799410029498525,1.0,0.0
ProtectAI-v2,alpaca,3000,30,30,0.01,1,30,False,0.02,0.02,0.02,0.0,0.0,0.02,0.993573264781491,0.9910025706940874,0.9910025706940874,0.6253687315634219,0.6135693215339233,0.6135693215339233,0.02,0.9910025706940874
ProtectAI-v2,dolly,3000,30,30,0.01,1,30,False,0.04,0.04,0.04,0.0,0.0,0.04,0.9717223650385605,0.9691516709511568,0.9691516709511568,0.5634218289085545,0.5634218289085545,0.5634218289085545,0.04,0.9691516709511568
ProtectAI-v2,pooled (all four direct sources),6797,68,67,0.009857289980873915,1,67,False,0.06,0.06666666666666667,0.07333333333333333,0.006666666666666668,0.006666666666666668,0.07333333333333333,0.9588688946015425,0.9562982005141388,0.9524421593830334,0.551622418879056,0.5486725663716814,0.5457227138643068,0.0733333333333333,0.9524421593830334
Prompt-Guard-2 (86M),deepset,399,4,3,0.007518796992481203,1,3,False,0.6666666666666666,0.9733333333333334,1.0,0.30666666666666675,0.30666666666666675,1.0,0.16580976863753213,0.006426735218508998,0.0,0.19174041297935104,0.12979351032448377,0.0855457227138643,1.0,0.0
Prompt-Guard-2 (86M),jailbreak_benign,398,4,3,0.007537688442211055,1,3,False,1.0,1.0,1.0,0.0,0.0,1.0,0.0,0.0,0.0,0.08849557522123894,0.0855457227138643,0.05014749262536873,1.0,0.0
Prompt-Guard-2 (86M),notinject,339,4,3,0.008849557522123894,1,3,False,1.0,1.0,1.0,0.0,0.0,1.0,0.0,0.0,0.0,0.011799410029498525,0.011799410029498525,0.008849557522123894,1.0,0.0
Prompt-Guard-2 (86M),alpaca,3000,30,30,0.01,1,30,False,0.23333333333333334,0.24,0.24,0.006666666666666654,0.006666666666666654,0.24,0.5989717223650386,0.5951156812339332,0.5951156812339332,0.2743362831858407,0.26843657817109146,0.26843657817109146,0.24,0.5951156812339332
Prompt-Guard-2 (86M),dolly,3000,30,30,0.01,1,30,False,0.12666666666666668,0.12666666666666668,0.12666666666666668,0.0,0.0,0.12666666666666668,0.7275064267352185,0.7275064267352185,0.7275064267352185,0.3303834808259587,0.3303834808259587,0.3303834808259587,0.1266666666666666,0.7275064267352185
Prompt-Guard-2 (86M),pooled (all four direct sources),6797,68,67,0.009857289980873915,1,67,False,0.82,0.82,0.8333333333333334,0.0,0.0,0.8333333333333334,0.10925449871465295,0.10796915167095116,0.10411311053984576,0.17404129793510326,0.17404129793510326,0.1710914454277286,0.8333333333333334,0.1041131105398457
Prompt-Guard-2 (22M),deepset,399,4,3,0.007518796992481203,1,3,False,0.9666666666666667,0.9666666666666667,1.0,0.0,0.0,1.0,0.028277634961439587,0.02570694087403599,0.014138817480719794,0.12979351032448377,0.10914454277286136,0.06489675516224189,1.0,0.0141388174807197
Prompt-Guard-2 (22M),jailbreak_benign,398,4,3,0.007537688442211055,1,3,False,1.0,1.0,1.0,0.0,0.0,1.0,0.0,0.0,0.0,0.008849557522123894,0.0058997050147492625,0.0058997050147492625,1.0,0.0
Prompt-Guard-2 (22M),notinject,339,4,3,0.008849557522123894,1,3,False,1.0,1.0,1.0,0.0,0.0,1.0,0.0,0.0,0.0,0.011799410029498525,0.011799410029498525,0.008849557522123894,1.0,0.0
Prompt-Guard-2 (22M),alpaca,3000,30,30,0.01,1,30,False,0.94,0.94,0.94,0.0,0.0,0.94,0.03598971722365039,0.03598971722365039,0.03598971722365039,0.19469026548672566,0.19174041297935104,0.19174041297935104,0.94,0.0359897172236503
Prompt-Guard-2 (22M),dolly,3000,30,30,0.01,1,30,False,0.8733333333333333,0.8733333333333333,0.8733333333333333,0.0,0.0,0.8733333333333333,0.06683804627249357,0.06426735218508997,0.06426735218508997,0.2831858407079646,0.2831858407079646,0.2831858407079646,0.8733333333333333,0.0642673521850899
Prompt-Guard-2 (22M),pooled (all four direct sources),6797,68,67,0.009857289980873915,1,67,False,1.0,1.0,1.0,0.0,0.0,1.0,0.007712082262210797,0.007712082262210797,0.006426735218508998,0.05604719764011799,0.05604719764011799,0.05309734513274336,1.0,0.0064267352185089
