model,tag,task,n,instruction_kept,statement_kept,deletion_gap,instruction_complete,statement_complete,complete_gap,added_instruction,added_statement,added_text_gap
Qwen 3B undefended,undefended_3b,repeat,80,"0.613 [0.503, 0.712]","0.975 [0.913, 0.993]","0.362 [0.246, 0.474]","0.400 [0.300, 0.510]","0.787 [0.686, 0.863]","0.387 [0.271, 0.487]","0.350 [0.255, 0.459]","0.037 [0.013, 0.105]","0.312 [0.199, 0.423]"
Qwen 3B undefended,undefended_3b,number,80,"0.662 [0.554, 0.757]","0.963 [0.895, 0.987]","0.300 [0.177, 0.415]","0.200 [0.127, 0.300]","0.637 [0.528, 0.734]","0.437 [0.283, 0.563]","0.500 [0.393, 0.607]","0.125 [0.069, 0.215]","0.375 [0.249, 0.486]"
Qwen 3B undefended,undefended_3b,quote_last,80,"0.300 [0.211, 0.408]","0.800 [0.700, 0.873]","0.500 [0.352, 0.616]","0.163 [0.097, 0.258]","0.700 [0.592, 0.789]","0.537 [0.393, 0.648]",,,
Qwen 3B twin distillation v2,twin_distilled_v2,repeat,80,"0.650 [0.541, 0.745]","1.000 [0.954, 1.000]","0.350 [0.244, 0.459]","0.575 [0.466, 0.677]","0.838 [0.742, 0.903]","0.263 [0.149, 0.369]","0.025 [0.007, 0.087]","0.025 [0.007, 0.087]","0.000 [-0.050, 0.050]"
Qwen 3B twin distillation v2,twin_distilled_v2,number,80,"0.463 [0.357, 0.571]","0.963 [0.895, 0.987]","0.500 [0.379, 0.605]","0.250 [0.168, 0.355]","0.775 [0.672, 0.853]","0.525 [0.383, 0.634]","0.150 [0.088, 0.244]","0.113 [0.060, 0.200]","0.037 [-0.043, 0.122]"
Qwen 3B twin distillation v2,twin_distilled_v2,quote_last,80,"0.087 [0.043, 0.170]","0.675 [0.566, 0.768]","0.588 [0.447, 0.693]","0.075 [0.035, 0.154]","0.600 [0.490, 0.700]","0.525 [0.386, 0.635]",,,
Qwen 3B no twins,no_twin_v2,repeat,80,"0.575 [0.466, 0.677]","0.975 [0.913, 0.993]","0.400 [0.286, 0.509]","0.512 [0.405, 0.619]","0.850 [0.756, 0.912]","0.338 [0.209, 0.451]","0.025 [0.007, 0.087]","0.050 [0.020, 0.122]","-0.025 [-0.089, 0.028]"
Qwen 3B no twins,no_twin_v2,number,80,"0.237 [0.158, 0.341]","0.975 [0.913, 0.993]","0.738 [0.617, 0.819]","0.138 [0.079, 0.230]","0.750 [0.645, 0.832]","0.613 [0.474, 0.712]","0.163 [0.097, 0.258]","0.125 [0.069, 0.215]","0.038 [-0.035, 0.114]"
Qwen 3B no twins,no_twin_v2,quote_last,80,"0.000 [0.000, 0.046]","0.675 [0.566, 0.768]","0.675 [0.557, 0.768]","0.000 [0.000, 0.046]","0.625 [0.515, 0.723]","0.625 [0.506, 0.723]",,,
Qwen 3B v2 with keep-content prompt,v2_keep_prompt,repeat,80,"0.738 [0.632, 0.821]","0.988 [0.933, 0.998]","0.250 [0.147, 0.357]","0.675 [0.566, 0.768]","0.863 [0.770, 0.921]","0.188 [0.073, 0.299]","0.037 [0.013, 0.105]","0.037 [0.013, 0.105]","0.000 [-0.059, 0.059]"
Qwen 3B v2 with keep-content prompt,v2_keep_prompt,number,80,"0.537 [0.429, 0.643]","0.963 [0.895, 0.987]","0.425 [0.290, 0.541]","0.263 [0.179, 0.368]","0.725 [0.619, 0.811]","0.462 [0.319, 0.578]","0.212 [0.137, 0.314]","0.150 [0.088, 0.244]","0.062 [-0.016, 0.144]"
Qwen 3B v2 with keep-content prompt,v2_keep_prompt,quote_last,80,"0.050 [0.020, 0.122]","0.525 [0.417, 0.631]","0.475 [0.355, 0.580]","0.050 [0.020, 0.122]","0.475 [0.369, 0.583]","0.425 [0.309, 0.532]",,,
Qwen 3B full recipe (final),fidelity_v4,repeat,80,"1.000 [0.954, 1.000]","1.000 [0.954, 1.000]","0.000 [-0.046, 0.046]","0.975 [0.913, 0.993]","0.975 [0.913, 0.993]","0.000 [-0.050, 0.050]","0.025 [0.007, 0.087]","0.025 [0.007, 0.087]","0.000 [-0.050, 0.050]"
Qwen 3B full recipe (final),fidelity_v4,number,80,"0.925 [0.846, 0.965]","0.975 [0.913, 0.993]","0.050 [-0.025, 0.132]","0.688 [0.579, 0.778]","0.900 [0.815, 0.948]","0.213 [0.100, 0.323]","0.075 [0.035, 0.154]","0.050 [0.020, 0.122]","0.025 [-0.038, 0.095]"
Qwen 3B full recipe (final),fidelity_v4,quote_last,80,"0.425 [0.323, 0.534]","0.863 [0.770, 0.921]","0.438 [0.306, 0.547]","0.212 [0.137, 0.314]","0.800 [0.700, 0.873]","0.588 [0.455, 0.685]",,,
Qwen 7B undefended,undefended_7b,repeat,80,"0.750 [0.645, 0.832]","1.000 [0.954, 1.000]","0.250 [0.156, 0.355]","0.688 [0.579, 0.778]","0.950 [0.878, 0.980]","0.262 [0.156, 0.370]","0.188 [0.117, 0.287]","0.013 [0.002, 0.067]","0.175 [0.090, 0.274]"
Qwen 7B undefended,undefended_7b,number,80,"0.613 [0.503, 0.712]","1.000 [0.954, 1.000]","0.387 [0.278, 0.497]","0.487 [0.381, 0.595]","0.925 [0.846, 0.965]","0.438 [0.313, 0.546]","0.287 [0.200, 0.395]","0.050 [0.020, 0.122]","0.237 [0.127, 0.348]"
Qwen 7B undefended,undefended_7b,quote_last,80,"0.350 [0.255, 0.459]","0.887 [0.800, 0.940]","0.537 [0.407, 0.640]","0.287 [0.200, 0.395]","0.875 [0.785, 0.931]","0.588 [0.456, 0.686]",,,
Qwen 7B twin distillation,twin_distilled_7b,repeat,80,"0.688 [0.579, 0.778]","1.000 [0.954, 1.000]","0.312 [0.211, 0.421]","0.650 [0.541, 0.745]","0.963 [0.895, 0.987]","0.312 [0.207, 0.420]","0.037 [0.013, 0.105]","0.025 [0.007, 0.087]","0.012 [-0.038, 0.071]"
Qwen 7B twin distillation,twin_distilled_7b,number,80,"0.150 [0.088, 0.244]","1.000 [0.954, 1.000]","0.850 [0.745, 0.912]","0.100 [0.052, 0.185]","0.912 [0.830, 0.957]","0.812 [0.692, 0.880]","0.062 [0.027, 0.138]","0.062 [0.027, 0.138]","0.000 [-0.058, 0.058]"
Qwen 7B twin distillation,twin_distilled_7b,quote_last,80,"0.150 [0.088, 0.244]","0.863 [0.770, 0.921]","0.713 [0.589, 0.793]","0.150 [0.088, 0.244]","0.850 [0.756, 0.912]","0.700 [0.576, 0.782]",,,
Qwen 7B literal phase,fidelity_v4_7b,repeat,80,"1.000 [0.954, 1.000]","1.000 [0.954, 1.000]","0.000 [-0.046, 0.046]","0.963 [0.895, 0.987]","0.963 [0.895, 0.987]","0.000 [-0.049, 0.049]","0.025 [0.007, 0.087]","0.025 [0.007, 0.087]","0.000 [-0.050, 0.050]"
Qwen 7B literal phase,fidelity_v4_7b,number,80,"1.000 [0.954, 1.000]","1.000 [0.954, 1.000]","0.000 [-0.046, 0.046]","0.550 [0.441, 0.654]","0.475 [0.369, 0.583]","-0.075 [-0.213, 0.068]","0.013 [0.002, 0.067]","0.013 [0.002, 0.067]","0.000 [-0.051, 0.051]"
Qwen 7B literal phase,fidelity_v4_7b,quote_last,80,"0.613 [0.503, 0.712]","0.975 [0.913, 0.993]","0.362 [0.252, 0.471]","0.562 [0.453, 0.666]","0.963 [0.895, 0.987]","0.400 [0.278, 0.511]",,,
Qwen 7B full recipe (final),fidelity_v5_7b,repeat,80,"1.000 [0.954, 1.000]","1.000 [0.954, 1.000]","0.000 [-0.046, 0.046]","0.963 [0.895, 0.987]","0.963 [0.895, 0.987]","0.000 [-0.049, 0.049]","0.025 [0.007, 0.087]","0.025 [0.007, 0.087]","0.000 [-0.050, 0.050]"
Qwen 7B full recipe (final),fidelity_v5_7b,number,80,"1.000 [0.954, 1.000]","1.000 [0.954, 1.000]","0.000 [-0.046, 0.046]","0.475 [0.369, 0.583]","0.475 [0.369, 0.583]","0.000 [-0.129, 0.129]","0.013 [0.002, 0.067]","0.013 [0.002, 0.067]","0.000 [-0.051, 0.051]"
Qwen 7B full recipe (final),fidelity_v5_7b,quote_last,80,"0.600 [0.490, 0.700]","0.975 [0.913, 0.993]","0.375 [0.263, 0.484]","0.600 [0.490, 0.700]","0.963 [0.895, 0.987]","0.363 [0.244, 0.474]",,,
Llama 8B undefended,llama_undefended,repeat,80,"0.838 [0.742, 0.903]","1.000 [0.954, 1.000]","0.162 [0.083, 0.258]","0.650 [0.541, 0.745]","0.975 [0.913, 0.993]","0.325 [0.219, 0.433]","0.275 [0.189, 0.381]","0.025 [0.007, 0.087]","0.250 [0.153, 0.355]"
Llama 8B undefended,llama_undefended,number,80,"0.738 [0.632, 0.821]","1.000 [0.954, 1.000]","0.262 [0.167, 0.368]","0.613 [0.503, 0.712]","0.963 [0.895, 0.987]","0.350 [0.241, 0.458]","0.325 [0.232, 0.434]","0.013 [0.002, 0.067]","0.312 [0.207, 0.421]"
Llama 8B undefended,llama_undefended,quote_last,80,"0.275 [0.189, 0.381]","0.950 [0.878, 0.980]","0.675 [0.547, 0.766]","0.225 [0.147, 0.328]","0.925 [0.846, 0.965]","0.700 [0.570, 0.787]",,,
Meta-SecAlign-8B (as specified),llama_secalign,repeat,80,"0.588 [0.478, 0.689]","0.900 [0.815, 0.948]","0.312 [0.193, 0.424]","0.550 [0.441, 0.654]","0.863 [0.770, 0.921]","0.312 [0.193, 0.422]","0.163 [0.097, 0.258]","0.125 [0.069, 0.215]","0.038 [-0.057, 0.133]"
Meta-SecAlign-8B (as specified),llama_secalign,number,80,"0.600 [0.490, 0.700]","1.000 [0.954, 1.000]","0.400 [0.290, 0.510]","0.575 [0.466, 0.677]","0.963 [0.895, 0.987]","0.388 [0.267, 0.499]","0.013 [0.002, 0.067]","0.013 [0.002, 0.067]","0.000 [-0.051, 0.051]"
Meta-SecAlign-8B (as specified),llama_secalign,quote_last,80,"0.400 [0.300, 0.510]","0.850 [0.756, 0.912]","0.450 [0.318, 0.559]","0.400 [0.300, 0.510]","0.838 [0.742, 0.903]","0.438 [0.306, 0.546]",,,
Meta-SecAlign-8B (data in the user turn),llama_secalign_no_role,repeat,80,"0.775 [0.672, 0.853]","0.988 [0.933, 0.998]","0.213 [0.115, 0.317]","0.725 [0.619, 0.811]","0.963 [0.895, 0.987]","0.238 [0.134, 0.344]","0.050 [0.020, 0.122]","0.025 [0.007, 0.087]","0.025 [-0.028, 0.089]"
Meta-SecAlign-8B (data in the user turn),llama_secalign_no_role,number,80,"0.775 [0.672, 0.853]","1.000 [0.954, 1.000]","0.225 [0.135, 0.328]","0.725 [0.619, 0.811]","0.963 [0.895, 0.987]","0.238 [0.134, 0.344]","0.037 [0.013, 0.105]","0.013 [0.002, 0.067]","0.025 [-0.029, 0.090]"
Meta-SecAlign-8B (data in the user turn),llama_secalign_no_role,quote_last,80,"0.438 [0.334, 0.547]","0.938 [0.862, 0.973]","0.500 [0.372, 0.607]","0.438 [0.334, 0.547]","0.938 [0.862, 0.973]","0.500 [0.372, 0.607]",,,
"Llama 8B ours, phase 1",llama_twin_p1,repeat,80,"0.637 [0.528, 0.734]","1.000 [0.954, 1.000]","0.363 [0.255, 0.472]","0.613 [0.503, 0.712]","0.975 [0.913, 0.993]","0.362 [0.252, 0.471]","0.025 [0.007, 0.087]","0.025 [0.007, 0.087]","0.000 [-0.050, 0.050]"
"Llama 8B ours, phase 1",llama_twin_p1,number,80,"0.450 [0.346, 0.559]","1.000 [0.954, 1.000]","0.550 [0.432, 0.654]","0.438 [0.334, 0.547]","0.963 [0.895, 0.987]","0.525 [0.403, 0.629]","0.013 [0.002, 0.067]","0.013 [0.002, 0.067]","0.000 [-0.051, 0.051]"
"Llama 8B ours, phase 1",llama_twin_p1,quote_last,80,"0.150 [0.088, 0.244]","0.963 [0.895, 0.987]","0.812 [0.697, 0.879]","0.150 [0.088, 0.244]","0.938 [0.862, 0.973]","0.787 [0.669, 0.858]",,,
"Llama 8B ours, full recipe",llama_full,repeat,80,"1.000 [0.954, 1.000]","1.000 [0.954, 1.000]","0.000 [-0.046, 0.046]","0.975 [0.913, 0.993]","0.975 [0.913, 0.993]","0.000 [-0.050, 0.050]","0.025 [0.007, 0.087]","0.025 [0.007, 0.087]","0.000 [-0.050, 0.050]"
"Llama 8B ours, full recipe",llama_full,number,80,"0.963 [0.895, 0.987]","1.000 [0.954, 1.000]","0.037 [-0.015, 0.105]","0.938 [0.862, 0.973]","0.975 [0.913, 0.993]","0.037 [-0.018, 0.107]","0.013 [0.002, 0.067]","0.013 [0.002, 0.067]","0.000 [-0.051, 0.051]"
"Llama 8B ours, full recipe",llama_full,quote_last,80,"0.775 [0.672, 0.853]","0.988 [0.933, 0.998]","0.213 [0.121, 0.315]","0.775 [0.672, 0.853]","0.975 [0.913, 0.993]","0.200 [0.101, 0.304]",,,
