comparison,meaning,task,deletion_gap_difference,instruction_kept_difference,instruction_complete_difference,added_text_gap_difference
fidelity_v4 minus twin_distilled_v2,literal phase added (3B),repeat,"-0.350 [-0.463, -0.237]","0.350 [0.244, 0.459]","0.400 [0.286, 0.509]","+0.000 [+0.000, +0.000] (no item differs; at most 0.045 of items could, 97.5%)"
fidelity_v4 minus twin_distilled_v2,literal phase added (3B),number,"-0.450 [-0.562, -0.338]","0.463 [0.343, 0.567]","0.438 [0.300, 0.549]","-0.013 [-0.087, +0.075]"
fidelity_v4 minus twin_distilled_v2,literal phase added (3B),quote_last,"-0.150 [-0.300, +0.000]","0.338 [0.215, 0.450]","0.138 [0.043, 0.237]",
v2_keep_prompt minus twin_distilled_v2,prompt only (3B),repeat,"-0.100 [-0.175, -0.025]","0.088 [0.012, 0.163]","0.100 [0.014, 0.183]","+0.000 [-0.037, +0.037]"
v2_keep_prompt minus twin_distilled_v2,prompt only (3B),number,"-0.075 [-0.188, +0.037]","0.075 [-0.030, 0.176]","0.013 [-0.102, 0.127]","+0.025 [-0.062, +0.113]"
v2_keep_prompt minus twin_distilled_v2,prompt only (3B),quote_last,"-0.113 [-0.225, +0.000]","-0.037 [-0.124, 0.046]","-0.025 [-0.109, 0.056]",
no_twin_v2 minus twin_distilled_v2,twins removed (3B),repeat,"+0.050 [-0.037, +0.138]","-0.075 [-0.153, 0.004]","-0.062 [-0.162, 0.040]","-0.025 [-0.062, +0.000]"
no_twin_v2 minus twin_distilled_v2,twins removed (3B),number,"+0.237 [+0.150, +0.338]","-0.225 [-0.316, -0.128]","-0.112 [-0.205, -0.023]","+0.000 [-0.075, +0.075]"
no_twin_v2 minus twin_distilled_v2,twins removed (3B),quote_last,"+0.087 [-0.013, +0.188]","-0.087 [-0.170, -0.024]","-0.075 [-0.154, -0.014]",
fidelity_v4 minus undefended_3b,final against undefended (3B),repeat,"-0.362 [-0.475, -0.250]","0.387 [0.278, 0.497]","0.575 [0.452, 0.676]","-0.312 [-0.425, -0.212]"
fidelity_v4 minus undefended_3b,final against undefended (3B),number,"-0.250 [-0.362, -0.150]","0.263 [0.163, 0.365]","0.487 [0.358, 0.590]","-0.350 [-0.475, -0.225]"
fidelity_v4 minus undefended_3b,final against undefended (3B),quote_last,"-0.062 [-0.212, +0.087]","0.125 [-0.022, 0.265]","0.050 [-0.063, 0.163]",
fidelity_v5_7b minus twin_distilled_7b,final against distillation only (7B),repeat,"-0.312 [-0.412, -0.212]","0.312 [0.211, 0.421]","0.312 [0.207, 0.420]","-0.013 [-0.037, +0.000]"
fidelity_v5_7b minus twin_distilled_7b,final against distillation only (7B),number,"-0.850 [-0.925, -0.775]","0.850 [0.745, 0.912]","0.375 [0.235, 0.496]","+0.000 [-0.037, +0.037]"
fidelity_v5_7b minus twin_distilled_7b,final against distillation only (7B),quote_last,"-0.338 [-0.463, -0.212]","0.450 [0.329, 0.550]","0.450 [0.329, 0.550]",
fidelity_v5_7b minus undefended_7b,final against undefended (7B),repeat,"-0.250 [-0.350, -0.163]","0.250 [0.156, 0.355]","0.275 [0.175, 0.380]","-0.175 [-0.263, -0.100]"
fidelity_v5_7b minus undefended_7b,final against undefended (7B),number,"-0.388 [-0.487, -0.275]","0.387 [0.278, 0.497]","-0.013 [-0.169, 0.145]","-0.237 [-0.338, -0.138]"
fidelity_v5_7b minus undefended_7b,final against undefended (7B),quote_last,"-0.163 [-0.287, -0.037]","0.250 [0.126, 0.361]","0.312 [0.186, 0.423]",
llama_full minus llama_twin_p1,literal phase added (Llama),repeat,"-0.362 [-0.475, -0.263]","0.363 [0.255, 0.472]","0.362 [0.252, 0.471]","+0.000 [+0.000, +0.000] (no item differs; at most 0.045 of items could, 97.5%)"
llama_full minus llama_twin_p1,literal phase added (Llama),number,"-0.512 [-0.625, -0.412]","0.512 [0.391, 0.617]","0.500 [0.379, 0.603]","+0.000 [+0.000, +0.000] (no item differs; at most 0.045 of items could, 97.5%)"
llama_full minus llama_twin_p1,literal phase added (Llama),quote_last,"-0.600 [-0.700, -0.487]","0.625 [0.499, 0.715]","0.625 [0.499, 0.715]",
llama_full minus llama_undefended,final against undefended (Llama),repeat,"-0.163 [-0.250, -0.087]","0.162 [0.083, 0.258]","0.325 [0.219, 0.433]","-0.250 [-0.350, -0.163]"
llama_full minus llama_undefended,final against undefended (Llama),number,"-0.225 [-0.338, -0.125]","0.225 [0.118, 0.334]","0.325 [0.204, 0.438]","-0.312 [-0.425, -0.212]"
llama_full minus llama_undefended,final against undefended (Llama),quote_last,"-0.463 [-0.575, -0.350]","0.500 [0.376, 0.597]","0.550 [0.424, 0.645]",
llama_full minus llama_secalign,ours against Meta-SecAlign as specified,repeat,"-0.312 [-0.425, -0.200]","0.412 [0.301, 0.522]","0.425 [0.309, 0.534]","-0.037 [-0.125, +0.050]"
llama_full minus llama_secalign,ours against Meta-SecAlign as specified,number,"-0.362 [-0.475, -0.263]","0.363 [0.252, 0.471]","0.363 [0.251, 0.469]","+0.000 [+0.000, +0.000] (no item differs; at most 0.045 of items could, 97.5%)"
llama_full minus llama_secalign,ours against Meta-SecAlign as specified,quote_last,"-0.237 [-0.375, -0.100]","0.375 [0.254, 0.478]","0.375 [0.254, 0.478]",
llama_full minus llama_secalign_no_role,"ours against Meta-SecAlign, data in the user turn",repeat,"-0.212 [-0.312, -0.125]","0.225 [0.135, 0.328]","0.250 [0.153, 0.355]","-0.025 [-0.062, +0.000]"
llama_full minus llama_secalign_no_role,"ours against Meta-SecAlign, data in the user turn",number,"-0.188 [-0.275, -0.100]","0.188 [0.092, 0.290]","0.213 [0.113, 0.316]","-0.025 [-0.062, +0.000]"
llama_full minus llama_secalign_no_role,"ours against Meta-SecAlign, data in the user turn",quote_last,"-0.287 [-0.400, -0.175]","0.338 [0.220, 0.440]","0.338 [0.220, 0.440]",
