model,task,deletion_gap,adjusted_gap,matched_items,matched_gap
Qwen 3B undefended,repeat,0.362,"0.381 [0.186, 0.572]",18,"0.444 [0.179, 0.663]"
Qwen 3B undefended,number,0.3,"0.237 [0.037, 0.464]",16,"0.312 [-0.006, 0.566]"
Qwen 3B undefended,quote_last,0.5,"0.454 [0.158, 0.753]",13,"0.462 [0.113, 0.676]"
Qwen 3B twin distillation v2,repeat,0.35,"0.346 [0.160, 0.539]",18,"0.444 [0.179, 0.663]"
Qwen 3B twin distillation v2,number,0.5,"0.492 [0.299, 0.691]",16,"0.375 [0.104, 0.614]"
Qwen 3B twin distillation v2,quote_last,0.588,"0.333 [0.083, 0.565]",13,"0.308 [-0.099, 0.608]"
Qwen 3B no twins,repeat,0.4,"0.427 [0.245, 0.624]",18,"0.389 [0.109, 0.611]"
Qwen 3B no twins,number,0.738,"0.850 [0.699, 0.990]",16,"0.875 [0.570, 0.965]"
Qwen 3B no twins,quote_last,0.675,"0.534 [0.349, 0.711]",13,"0.615 [0.269, 0.823]"
Qwen 3B v2 with keep-content prompt,repeat,0.25,"0.267 [0.096, 0.444]",18,"0.333 [0.088, 0.563]"
Qwen 3B v2 with keep-content prompt,number,0.425,"0.351 [0.147, 0.544]",16,"0.375 [0.104, 0.614]"
Qwen 3B v2 with keep-content prompt,quote_last,0.475,"0.291 [0.130, 0.463]",13,"0.462 [0.138, 0.709]"
Qwen 3B full recipe (final),repeat,0.0,"0.000 [0.000, 0.000]",18,"0.000 [-0.176, 0.176]"
Qwen 3B full recipe (final),number,0.05,"0.067 [-0.028, 0.182]",16,"0.125 [-0.089, 0.360]"
Qwen 3B full recipe (final),quote_last,0.438,"0.511 [0.288, 0.719]",13,"0.615 [0.233, 0.801]"
Qwen 7B undefended,repeat,0.25,"0.327 [0.151, 0.503]",18,"0.389 [0.133, 0.614]"
Qwen 7B undefended,number,0.387,"0.401 [0.208, 0.590]",16,"0.500 [0.207, 0.720]"
Qwen 7B undefended,quote_last,0.537,"0.504 [0.292, 0.712]",13,"0.462 [0.138, 0.709]"
Qwen 7B twin distillation,repeat,0.312,"0.280 [0.097, 0.458]",18,"0.333 [0.088, 0.563]"
Qwen 7B twin distillation,number,0.85,"0.866 [0.727, 0.979]",16,"0.938 [0.644, 0.989]"
Qwen 7B twin distillation,quote_last,0.713,"0.666 [0.486, 0.834]",13,"0.769 [0.398, 0.897]"
Qwen 7B literal phase,repeat,0.0,"0.000 [0.000, 0.000]",18,"0.000 [-0.176, 0.176]"
Qwen 7B literal phase,number,0.0,"0.000 [0.000, 0.000]",16,"0.000 [-0.194, 0.194]"
Qwen 7B literal phase,quote_last,0.362,"0.477 [0.279, 0.669]",13,"0.462 [0.138, 0.709]"
Qwen 7B full recipe (final),repeat,0.0,"0.000 [0.000, 0.000]",18,"0.000 [-0.176, 0.176]"
Qwen 7B full recipe (final),number,0.0,"0.000 [0.000, 0.000]",16,"0.000 [-0.194, 0.194]"
Qwen 7B full recipe (final),quote_last,0.375,"0.432 [0.239, 0.633]",13,"0.385 [0.076, 0.645]"
Llama 8B undefended,repeat,0.162,"0.227 [0.087, 0.384]",18,"0.278 [0.045, 0.509]"
Llama 8B undefended,number,0.262,"0.208 [0.057, 0.373]",16,"0.250 [0.006, 0.495]"
Llama 8B undefended,quote_last,0.675,"0.690 [0.477, 0.903]",13,"0.538 [0.173, 0.755]"
Meta-SecAlign-8B (as specified),repeat,0.312,"0.343 [0.138, 0.558]",18,"0.389 [0.076, 0.622]"
Meta-SecAlign-8B (as specified),number,0.4,"0.352 [0.179, 0.558]",16,"0.188 [-0.041, 0.430]"
Meta-SecAlign-8B (as specified),quote_last,0.45,"0.372 [0.179, 0.606]",13,"0.308 [0.001, 0.552]"
Meta-SecAlign-8B (data in the user turn),repeat,0.213,"0.265 [0.092, 0.438]",18,"0.278 [0.045, 0.509]"
Meta-SecAlign-8B (data in the user turn),number,0.225,"0.170 [0.035, 0.326]",16,"0.062 [-0.138, 0.283]"
Meta-SecAlign-8B (data in the user turn),quote_last,0.5,"0.388 [0.156, 0.630]",13,"0.385 [0.054, 0.621]"
"Llama 8B ours, phase 1",repeat,0.363,"0.466 [0.268, 0.655]",18,"0.444 [0.179, 0.663]"
"Llama 8B ours, phase 1",number,0.55,"0.434 [0.252, 0.639]",16,"0.438 [0.154, 0.668]"
"Llama 8B ours, phase 1",quote_last,0.812,"0.807 [0.628, 0.983]",13,"0.692 [0.319, 0.854]"
"Llama 8B ours, full recipe",repeat,0.0,"0.000 [0.000, 0.000]",18,"0.000 [-0.176, 0.176]"
"Llama 8B ours, full recipe",number,0.037,"0.057 [-0.008, 0.159]",16,"0.062 [-0.138, 0.283]"
"Llama 8B ours, full recipe",quote_last,0.213,"0.159 [-0.003, 0.330]",13,"0.154 [-0.118, 0.421]"
