model,task,n,executed,processed,omitted,unparsed
undefended,translate,40,0.0,0.025,0.975,0.0
undefended,quote,40,0.0,0.25,0.75,0.0
undefended,count,40,0.0,0.1,0.9,0.0
undefended,all,120,0.0,0.125,0.875,0.0
twin_distilled_v1,translate,40,0.0,0.0,1.0,0.0
twin_distilled_v1,quote,40,0.0,0.25,0.75,0.0
twin_distilled_v1,count,40,0.0,0.175,0.825,0.0
twin_distilled_v1,all,120,0.0,0.14166666666666666,0.8583333333333333,0.0
twin_distilled_v2,translate,40,0.0,0.0,1.0,0.0
twin_distilled_v2,quote,40,0.0,0.25,0.75,0.0
twin_distilled_v2,count,40,0.0,0.2,0.8,0.0
twin_distilled_v2,all,120,0.0,0.15,0.85,0.0
no_twin,translate,40,0.025,0.0,0.975,0.0
no_twin,quote,40,0.0,0.075,0.925,0.0
no_twin,count,40,0.0,0.225,0.775,0.0
no_twin,all,120,0.008333333333333333,0.1,0.8916666666666667,0.0
