variant,comparison,meaning,difference
final,llama_full minus llama_secalign,ours against Meta-SecAlign as specified,"+0.233 [+0.167, +0.300]"
final,llama_full minus llama_secalign_no_role,ours against Meta-SecAlign with data in the user turn,"-0.029 [-0.105, +0.048]"
final,llama_full minus llama_undefended,"ours against undefended, Llama","-0.381 [-0.448, -0.310]"
final,llama_secalign minus llama_undefended,Meta-SecAlign against undefended,"-0.614 [-0.681, -0.543]"
final,qwen3b_v4 minus qwen3b_undefended,"ours against undefended, Qwen 3B","-0.590 [-0.657, -0.524]"
final,qwen3b_v4 minus qwen3b_v2,"final recipe against v2, Qwen 3B","+0.000 [-0.043, +0.038]"
final,qwen7b_v5 minus qwen7b_undefended,"ours against undefended, Qwen 7B","-0.457 [-0.529, -0.390]"
translation by language id (fixed attacker),llama_full minus llama_secalign,ours against Meta-SecAlign as specified,"+0.271 [+0.205, +0.338]"
translation by language id (fixed attacker),llama_full minus llama_secalign_no_role,ours against Meta-SecAlign with data in the user turn,"+0.005 [-0.076, +0.076]"
translation by language id (fixed attacker),llama_full minus llama_undefended,"ours against undefended, Llama","-0.386 [-0.452, -0.319]"
translation by language id (fixed attacker),llama_secalign minus llama_undefended,Meta-SecAlign against undefended,"-0.657 [-0.719, -0.590]"
translation by language id (fixed attacker),qwen3b_v4 minus qwen3b_undefended,"ours against undefended, Qwen 3B","-0.629 [-0.695, -0.562]"
translation by language id (fixed attacker),qwen3b_v4 minus qwen3b_v2,"final recipe against v2, Qwen 3B","-0.005 [-0.043, +0.029]"
translation by language id (fixed attacker),qwen7b_v5 minus qwen7b_undefended,"ours against undefended, Qwen 7B","-0.505 [-0.581, -0.433]"
scams by markers alone,llama_full minus llama_secalign,ours against Meta-SecAlign as specified,"+0.219 [+0.148, +0.286]"
scams by markers alone,llama_full minus llama_secalign_no_role,ours against Meta-SecAlign with data in the user turn,"-0.029 [-0.105, +0.043]"
scams by markers alone,llama_full minus llama_undefended,"ours against undefended, Llama","-0.376 [-0.448, -0.305]"
scams by markers alone,llama_secalign minus llama_undefended,Meta-SecAlign against undefended,"-0.595 [-0.662, -0.524]"
scams by markers alone,qwen3b_v4 minus qwen3b_undefended,"ours against undefended, Qwen 3B","-0.571 [-0.633, -0.505]"
scams by markers alone,qwen3b_v4 minus qwen3b_v2,"final recipe against v2, Qwen 3B","-0.005 [-0.043, +0.033]"
scams by markers alone,qwen7b_v5 minus qwen7b_undefended,"ours against undefended, Qwen 7B","-0.457 [-0.524, -0.390]"
scams excluded,llama_full minus llama_secalign,ours against Meta-SecAlign as specified,"+0.272 [+0.200, +0.350]"
scams excluded,llama_full minus llama_secalign_no_role,ours against Meta-SecAlign with data in the user turn,"-0.011 [-0.094, +0.072]"
scams excluded,llama_full minus llama_undefended,"ours against undefended, Llama","-0.433 [-0.511, -0.356]"
scams excluded,llama_secalign minus llama_undefended,Meta-SecAlign against undefended,"-0.706 [-0.778, -0.633]"
scams excluded,qwen3b_v4 minus qwen3b_undefended,"ours against undefended, Qwen 3B","-0.644 [-0.717, -0.567]"
scams excluded,qwen3b_v4 minus qwen3b_v2,"final recipe against v2, Qwen 3B","-0.006 [-0.056, +0.044]"
scams excluded,qwen7b_v5 minus qwen7b_undefended,"ours against undefended, Qwen 7B","-0.506 [-0.578, -0.428]"
scams and translation excluded,llama_full minus llama_secalign,ours against Meta-SecAlign as specified,"+0.247 [+0.173, +0.320]"
scams and translation excluded,llama_full minus llama_secalign_no_role,ours against Meta-SecAlign with data in the user turn,"-0.073 [-0.167, +0.007]"
scams and translation excluded,llama_full minus llama_undefended,"ours against undefended, Llama","-0.500 [-0.580, -0.420]"
scams and translation excluded,llama_secalign minus llama_undefended,Meta-SecAlign against undefended,"-0.747 [-0.813, -0.680]"
scams and translation excluded,qwen3b_v4 minus qwen3b_undefended,"ours against undefended, Qwen 3B","-0.693 [-0.760, -0.620]"
scams and translation excluded,qwen3b_v4 minus qwen3b_v2,"final recipe against v2, Qwen 3B","-0.020 [-0.067, +0.027]"
scams and translation excluded,qwen7b_v5 minus qwen7b_undefended,"ours against undefended, Qwen 7B","-0.540 [-0.620, -0.453]"
