model,task,instruction_kept,statement_kept,deletion_gap,execution_gap
undefended Llama-3.1-8B,repeat,"0.838 [0.742, 0.903]","1.000 [0.954, 1.000]","+0.163 [+0.087, +0.250]","+0.250 [+0.163, +0.350]"
undefended Llama-3.1-8B,number,"0.738 [0.632, 0.821]","1.000 [0.954, 1.000]","+0.263 [+0.163, +0.362]","+0.312 [+0.212, +0.425]"
undefended Llama-3.1-8B,quote_last,"0.275 [0.189, 0.381]","0.950 [0.878, 0.980]","+0.675 [+0.562, +0.775]",
Meta-SecAlign-8B (as specified),repeat,"0.588 [0.478, 0.689]","0.900 [0.815, 0.948]","+0.312 [+0.200, +0.425]","+0.037 [-0.050, +0.125]"
Meta-SecAlign-8B (as specified),number,"0.600 [0.490, 0.700]","1.000 [0.954, 1.000]","+0.400 [+0.300, +0.512]","+0.000 [+0.000, +0.000]"
Meta-SecAlign-8B (as specified),quote_last,"0.400 [0.300, 0.510]","0.850 [0.756, 0.912]","+0.450 [+0.338, +0.562]",
Meta-SecAlign-8B (data in the user turn),repeat,"0.775 [0.672, 0.853]","0.988 [0.933, 0.998]","+0.212 [+0.125, +0.312]","+0.025 [+0.000, +0.062]"
Meta-SecAlign-8B (data in the user turn),number,"0.775 [0.672, 0.853]","1.000 [0.954, 1.000]","+0.225 [+0.138, +0.312]","+0.025 [+0.000, +0.062]"
Meta-SecAlign-8B (data in the user turn),quote_last,"0.438 [0.334, 0.547]","0.938 [0.862, 0.973]","+0.500 [+0.388, +0.613]",
"ours, phase 1 (twin distillation)",repeat,"0.637 [0.528, 0.734]","1.000 [0.954, 1.000]","+0.362 [+0.263, +0.475]","+0.000 [+0.000, +0.000]"
"ours, phase 1 (twin distillation)",number,"0.450 [0.346, 0.559]","1.000 [0.954, 1.000]","+0.550 [+0.450, +0.662]","+0.000 [+0.000, +0.000]"
"ours, phase 1 (twin distillation)",quote_last,"0.150 [0.088, 0.244]","0.963 [0.895, 0.987]","+0.812 [+0.725, +0.887]",
"ours, full recipe",repeat,"1.000 [0.954, 1.000]","1.000 [0.954, 1.000]","+0.000 [+0.000, +0.000]","+0.000 [+0.000, +0.000]"
"ours, full recipe",number,"0.963 [0.895, 0.987]","1.000 [0.954, 1.000]","+0.037 [+0.000, +0.087]","+0.000 [+0.000, +0.000]"
"ours, full recipe",quote_last,"0.775 [0.672, 0.853]","0.988 [0.933, 0.998]","+0.212 [+0.125, +0.300]",
