detector,shift,n_atk,t_lo,t_hi,t_guar,FNR_lo,FNR_lo_lo95,FNR_lo_hi95,n_miss_lo,S_lo,calFPR_lo,tgtFPR_lo,FNR_hi,FNR_hi_lo95,FNR_hi_hi95,n_miss_hi,S_hi,calFPR_hi,tgtFPR_hi,FNR_guar,FNR_guar_lo95,FNR_guar_hi95,n_miss_guar,S_guar,calFPR_guar,tgtFPR_guar,FNR_width_lo_hi,AUROC
ProtectAI-v2,direct,263,0.01119892206043005,0.8258743286132812,0.9634414911270142,0.5285171102661597,0.467680608365019,0.5855513307984791,139.0,0.9991244077682495,0.012531328320802004,0.012531328320802004,0.596958174904943,0.5361216730038023,0.6501901140684411,157.0,0.9796793460845947,0.010025062656641603,0.010025062656641603,0.6197718631178707,0.55893536121673,0.6768060836501901,163.0,0.9472774267196655,0.007518796992481203,0.007518796992481203,0.0684410646387833,0.8820244527668982
ProtectAI-v2,indirect_harmful,60,0.01119892206043005,0.8258743286132812,0.9634414911270142,0.55,0.4166666666666667,0.6666666666666666,33.0,0.9971468448638916,0.012531328320802004,0.5668380462724936,0.8,0.7,0.8833333333333333,48.0,0.9448495507240295,0.010025062656641603,0.10796915167095116,0.8333333333333334,0.7333333333333333,0.9166666666666666,50.0,0.909503698348999,0.007518796992481203,0.07840616966580977,0.25,0.44421593830334183
ProtectAI-v2,indirect_hijack,150,0.01119892206043005,0.8258743286132812,0.9634414911270142,0.5333333333333333,0.45316666666666666,0.6133333333333333,80.0,0.9969364404678345,0.012531328320802004,0.5668380462724936,0.8933333333333333,0.84,0.94,134.0,0.948487401008606,0.010025062656641603,0.10796915167095116,0.9066666666666666,0.86,0.9533333333333334,136.0,0.9368032217025757,0.007518796992481203,0.07840616966580977,0.36,0.4235218508997429
ProtectAI-v2,jailbreak,396,0.01119892206043005,0.8258743286132812,0.9634414911270142,0.1111111111111111,0.08080808080808081,0.1414141414141414,44.0,0.9980348348617554,0.012531328320802004,0.01507537688442211,0.18434343434343434,0.14892676767676766,0.22228535353535347,73.0,0.9012090563774109,0.010025062656641603,0.007537688442211055,0.19696969696969696,0.1590909090909091,0.23491161616161613,78.0,0.8507176637649536,0.007518796992481203,0.007537688442211055,0.07323232323232323,0.9861269732500887
ProtectAI-v2,over_defense,0,0.01119892206043005,0.8258743286132812,0.9634414911270142,,,,,,,0.4778761061946903,,,,,,,0.40707964601769914,,,,,,,0.36283185840707965,,
Prompt-Guard-2 (86M),direct,263,0.0032439017668366432,0.01375583466142416,0.05081372708082199,0.5285171102661597,0.46387832699619774,0.5893536121673004,139.0,0.9989228844642639,0.012531328320802004,0.012531328320802004,0.6463878326996197,0.5893536121673004,0.7072243346007605,170.0,0.9979107975959778,0.010025062656641603,0.010025062656641603,0.7110266159695817,0.6539923954372624,0.7680608365019012,187.0,0.9956821799278259,0.007518796992481203,0.007518796992481203,0.11787072243346008,0.9419175314712637
Prompt-Guard-2 (86M),indirect_harmful,60,0.0032439017668366432,0.01375583466142416,0.05081372708082199,0.18333333333333332,0.08333333333333333,0.3,11.0,0.9977560639381409,0.012531328320802004,0.16580976863753213,0.7,0.5833333333333334,0.8166666666666667,42.0,0.9943183660507202,0.010025062656641603,0.006426735218508998,0.8666666666666667,0.7833333333333333,0.95,52.0,0.9908866286277771,0.007518796992481203,0.0,0.5166666666666666,0.8936803770351328
Prompt-Guard-2 (86M),indirect_hijack,150,0.0032439017668366432,0.01375583466142416,0.05081372708082199,0.6666666666666666,0.5866666666666667,0.7466666666666667,100.0,0.9981964230537415,0.012531328320802004,0.16580976863753213,0.9733333333333334,0.9466666666666667,0.9933333333333333,146.0,0.9969173073768616,0.010025062656641603,0.006426735218508998,1.0,1.0,1.0,150.0,0.996558427810669,0.007518796992481203,0.0,0.30666666666666675,0.6251885175664096
Prompt-Guard-2 (86M),jailbreak,396,0.0032439017668366432,0.01375583466142416,0.05081372708082199,0.007575757575757576,0.0,0.017676767676767676,3.0,,0.012531328320802004,0.16834170854271358,0.022727272727272728,0.010101010101010102,0.04040404040404041,9.0,,0.010025062656641603,0.04020100502512563,0.03282828282828283,0.017676767676767676,0.050505050505050504,13.0,0.987450361251831,0.007518796992481203,0.007537688442211055,0.015151515151515152,0.9932617633622658
Prompt-Guard-2 (86M),over_defense,0,0.0032439017668366432,0.01375583466142416,0.05081372708082199,,,,,,,0.19174041297935104,,,,,,,0.12979351032448377,,,,,,,0.0855457227138643,,
Prompt-Guard-2 (22M),direct,263,0.021181970834732056,0.02502240426838398,0.04860301688313484,0.8365019011406845,0.7908745247148289,0.8783269961977186,220.0,0.9957525134086609,0.012531328320802004,0.012531328320802004,0.8555133079847909,0.8136882129277566,0.8973384030418251,225.0,0.9953318238258362,0.010025062656641603,0.010025062656641603,0.8859315589353612,0.8479087452471483,0.9239543726235742,233.0,0.9942768216133118,0.007518796992481203,0.007518796992481203,0.019011406844106404,0.7768947082535237
Prompt-Guard-2 (22M),indirect_harmful,60,0.021181970834732056,0.02502240426838398,0.04860301688313484,0.9,0.8166666666666667,0.9666666666666667,54.0,0.9956332445144653,0.012531328320802004,0.028277634961439587,0.9166666666666666,0.85,0.9833333333333333,55.0,0.9953244924545288,0.010025062656641603,0.02570694087403599,0.9166666666666666,0.85,0.9833333333333333,55.0,0.9953244924545288,0.007518796992481203,0.014138817480719794,0.016666666666666607,0.6940659811482435
Prompt-Guard-2 (22M),indirect_hijack,150,0.021181970834732056,0.02502240426838398,0.04860301688313484,0.9666666666666667,0.9333333333333333,0.9933333333333333,145.0,0.9962103366851807,0.012531328320802004,0.028277634961439587,0.9666666666666667,0.9333333333333333,0.9933333333333333,145.0,0.9962103366851807,0.010025062656641603,0.02570694087403599,1.0,1.0,1.0,150.0,0.9952409863471985,0.007518796992481203,0.014138817480719794,0.0,0.5847472150814054
Prompt-Guard-2 (22M),jailbreak,396,0.021181970834732056,0.02502240426838398,0.04860301688313484,0.08333333333333333,0.05808080808080808,0.11363636363636363,33.0,0.9900178909301758,0.012531328320802004,0.19597989949748743,0.08838383838383838,0.06060606060606061,0.12121212121212122,35.0,0.9892160892486572,0.010025062656641603,0.18341708542713567,0.10858585858585859,0.08080808080808081,0.1414141414141414,43.0,0.9852718710899353,0.007518796992481203,0.1507537688442211,0.005050505050505055,0.9546025582457743
Prompt-Guard-2 (22M),over_defense,0,0.021181970834732056,0.02502240426838398,0.04860301688313484,,,,,,,0.12979351032448377,,,,,,,0.10914454277286136,,,,,,,0.06489675516224189,,
