detector,shift,n_atk,N_cal,blocked_convention,calFPR_convention,benign_ties_at_ends,FNR_linear,FNR_published,FNR_low,FNR_low_lo95,FNR_low_hi95,FNR_low_earlier,injections_tied_at_low_end,FNR_high,FNR_high_lo95,FNR_high_hi95,FNR_high_earlier,FNR_guar,FNR_guar_lo95,FNR_guar_hi95,FNR_guar_earlier,blocked_guar,calFPR_guar,top_tie,cap,tgtFPR_low,tgtFPR_low_earlier,tgtFPR_high,tgtFPR_guar,AUROC,AUROC_earlier,gap,half_width_low
ProtectAI-v2,direct,263,399,4,0.010025062656641603,0.0,0.5475285171102662,0.548,0.5285171102661597,0.467680608365019,0.5855513307984791,0.5285171102661597,0.0,0.596958174904943,0.5361216730038023,0.6501901140684411,0.596958174904943,0.6197718631178707,0.55893536121673,0.6768060836501901,0.6197718631178707,3,0.007518796992481203,1,3,0.010025062656641603,0.012531328320802,0.010025062656641603,0.007518796992481203,0.8820244527668982,0.8820244527668982,0.0684410646387833,0.05893536121673004
ProtectAI-v2,indirect_harmful,60,399,4,0.010025062656641603,0.0,0.65,0.65,0.55,0.4166666666666667,0.6666666666666666,0.55,0.0,0.8,0.7,0.8833333333333333,0.8,0.8333333333333334,0.7333333333333333,0.9166666666666666,0.8333333333333334,3,0.007518796992481203,1,3,0.5668380462724936,0.5668380462724936,0.10796915167095116,0.07840616966580977,0.44421593830334183,0.4442159383033418,0.25,0.12499999999999997
ProtectAI-v2,indirect_hijack,150,399,4,0.010025062656641603,0.0,0.6933333333333334,0.693,0.5333333333333333,0.45316666666666666,0.6133333333333333,0.5333333333333333,0.0,0.8933333333333333,0.84,0.94,0.8933333333333333,0.9066666666666666,0.86,0.9533333333333334,0.9066666666666666,3,0.007518796992481203,1,3,0.5668380462724936,0.5668380462724936,0.10796915167095116,0.07840616966580977,0.4235218508997429,0.4235218508997429,0.36,0.08008333333333331
ProtectAI-v2,jailbreak,396,399,4,0.010025062656641603,0.0,0.13636363636363635,0.136,0.1111111111111111,0.08080808080808081,0.1414141414141414,0.1111111111111111,0.0,0.18434343434343434,0.14892676767676766,0.22228535353535347,0.1843434343434343,0.19696969696969696,0.1590909090909091,0.23491161616161613,0.1969696969696969,3,0.007518796992481203,1,3,0.01507537688442211,0.0150753768844221,0.007537688442211055,0.007537688442211055,0.9861269732500887,0.9861269732500888,0.07323232323232323,0.030303030303030297
ProtectAI-v2,over_defense (NotInject),0,399,4,0.010025062656641603,,,,,,,,,,,,,,,,,3,0.007518796992481203,1,3,0.4778761061946903,0.4778761061946903,0.40707964601769914,0.36283185840707965,,,,
Prompt-Guard-2 (86M),direct,263,399,4,0.010025062656641603,0.0,0.532319391634981,0.532,0.5285171102661597,0.46387832699619774,0.5893536121673004,0.5285171102661597,0.0,0.6463878326996197,0.5893536121673004,0.7072243346007605,0.6463878326996197,0.7110266159695817,0.6539923954372624,0.7680608365019012,0.7110266159695817,3,0.007518796992481203,1,3,0.010025062656641603,0.012531328320802,0.010025062656641603,0.007518796992481203,0.9419175314712637,0.9419175314712636,0.11787072243346008,0.06273764258555134
Prompt-Guard-2 (86M),indirect_harmful,60,399,4,0.010025062656641603,0.0,0.21666666666666667,0.217,0.18333333333333332,0.08333333333333333,0.3,0.1833333333333333,0.0,0.7,0.5833333333333334,0.8166666666666667,0.7,0.8666666666666667,0.7833333333333333,0.95,0.8666666666666667,3,0.007518796992481203,1,3,0.16580976863753213,0.1658097686375321,0.006426735218508998,0.0,0.8936803770351328,0.8936803770351328,0.5166666666666666,0.10833333333333334
Prompt-Guard-2 (86M),indirect_hijack,150,399,4,0.010025062656641603,0.0,0.6933333333333334,0.693,0.6666666666666666,0.5866666666666667,0.7466666666666667,0.6666666666666666,0.0,0.9733333333333334,0.9466666666666667,0.9933333333333333,0.9733333333333334,1.0,1.0,1.0,1.0,3,0.007518796992481203,1,3,0.16580976863753213,0.1658097686375321,0.006426735218508998,0.0,0.6251885175664096,0.6251885175664096,0.30666666666666675,0.08000000000000002
Prompt-Guard-2 (86M),jailbreak,396,399,4,0.010025062656641603,0.0,0.010101010101010102,0.01,0.007575757575757576,0.0,0.017676767676767676,0.0075757575757575,0.0,0.022727272727272728,0.010101010101010102,0.04040404040404041,0.0227272727272727,0.03282828282828283,0.017676767676767676,0.050505050505050504,0.0328282828282828,3,0.007518796992481203,1,3,0.16834170854271358,0.1683417085427135,0.04020100502512563,0.007537688442211055,0.9932617633622658,0.9932617633622658,0.015151515151515152,0.008838383838383838
Prompt-Guard-2 (86M),over_defense (NotInject),0,399,4,0.010025062656641603,,,,,,,,,,,,,,,,,3,0.007518796992481203,1,3,0.19174041297935104,0.191740412979351,0.12979351032448377,0.0855457227138643,,,,
Prompt-Guard-2 (22M),direct,263,399,4,0.010025062656641603,0.0,0.8365019011406845,0.837,0.8365019011406845,0.7908745247148289,0.8783269961977186,0.8365019011406845,0.0,0.8555133079847909,0.8136882129277566,0.8973384030418251,0.8555133079847909,0.8859315589353612,0.8479087452471483,0.9239543726235742,0.8859315589353612,3,0.007518796992481203,1,3,0.010025062656641603,0.012531328320802,0.010025062656641603,0.007518796992481203,0.7768947082535237,0.7768947082535237,0.019011406844106404,0.04372623574144485
Prompt-Guard-2 (22M),indirect_harmful,60,399,4,0.010025062656641603,0.0,0.9,0.9,0.9,0.8166666666666667,0.9666666666666667,0.9,0.0,0.9166666666666666,0.85,0.9833333333333333,0.9166666666666666,0.9166666666666666,0.85,0.9833333333333333,0.9166666666666666,3,0.007518796992481203,1,3,0.028277634961439587,0.0282776349614395,0.02570694087403599,0.014138817480719794,0.6940659811482435,0.6940659811482435,0.016666666666666607,0.07500000000000001
Prompt-Guard-2 (22M),indirect_hijack,150,399,4,0.010025062656641603,0.0,0.9666666666666667,0.967,0.9666666666666667,0.9333333333333333,0.9933333333333333,0.9666666666666668,0.0,0.9666666666666667,0.9333333333333333,0.9933333333333333,0.9666666666666668,1.0,1.0,1.0,1.0,3,0.007518796992481203,1,3,0.028277634961439587,0.0282776349614395,0.02570694087403599,0.014138817480719794,0.5847472150814054,0.5847472150814054,0.0,0.02999999999999997
Prompt-Guard-2 (22M),jailbreak,396,399,4,0.010025062656641603,0.0,0.08333333333333333,0.083,0.08333333333333333,0.05808080808080808,0.11363636363636363,0.0833333333333333,0.0,0.08838383838383838,0.06060606060606061,0.12121212121212122,0.0883838383838383,0.10858585858585859,0.08080808080808081,0.1414141414141414,0.1085858585858585,3,0.007518796992481203,1,3,0.19597989949748743,0.1959798994974874,0.18341708542713567,0.1507537688442211,0.9546025582457743,0.9546025582457744,0.005050505050505055,0.027777777777777776
Prompt-Guard-2 (22M),over_defense (NotInject),0,399,4,0.010025062656641603,,,,,,,,,,,,,,,,,3,0.007518796992481203,1,3,0.12979351032448377,0.1297935103244837,0.10914454277286136,0.06489675516224189,,,,
