detector,source,target,t_lo,t_hi,t_guar,FNR_lo,FNR_hi,FNR_guar
ProtectAI-v2,deepset,direct,0.01119892206043005,0.8258743286132812,0.9634414911270142,0.5285171102661597,0.596958174904943,0.6197718631178707
ProtectAI-v2,deepset,indirect_harmful,0.01119892206043005,0.8258743286132812,0.9634414911270142,0.55,0.8,0.8333333333333334
ProtectAI-v2,deepset,indirect_hijack,0.01119892206043005,0.8258743286132812,0.9634414911270142,0.5333333333333333,0.8933333333333333,0.9066666666666666
ProtectAI-v2,deepset,jailbreak,0.01119892206043005,0.8258743286132812,0.9634414911270142,0.1111111111111111,0.18434343434343434,0.19696969696969696
ProtectAI-v2,jailbreak,direct,0.028656909242272377,0.8220680952072144,0.9990851879119873,0.5475285171102662,0.596958174904943,0.7452471482889734
ProtectAI-v2,jailbreak,indirect_harmful,0.028656909242272377,0.8220680952072144,0.9990851879119873,0.65,0.8,0.9333333333333333
ProtectAI-v2,jailbreak,indirect_hijack,0.028656909242272377,0.8220680952072144,0.9990851879119873,0.7066666666666667,0.8933333333333333,0.9533333333333334
ProtectAI-v2,jailbreak,jailbreak,0.028656909242272377,0.8220680952072144,0.9990851879119873,0.13636363636363635,0.18434343434343434,0.3434343434343434
ProtectAI-v2,bipia_host,direct,0.9999904632568359,0.9999909400939941,0.9999927282333374,0.8250950570342205,0.8250950570342205,0.8288973384030418
ProtectAI-v2,bipia_host,indirect_harmful,0.9999904632568359,0.9999909400939941,0.9999927282333374,0.9833333333333333,0.9833333333333333,0.9833333333333333
ProtectAI-v2,bipia_host,indirect_hijack,0.9999904632568359,0.9999909400939941,0.9999927282333374,0.9933333333333333,0.9933333333333333,0.9933333333333333
ProtectAI-v2,bipia_host,jailbreak,0.9999904632568359,0.9999909400939941,0.9999927282333374,0.5808080808080808,0.5808080808080808,0.5959595959595959
ProtectAI-v2,notinject,direct,0.9999996423721313,0.9999997615814209,0.9999997615814209,0.9239543726235742,0.9543726235741445,0.9543726235741445
ProtectAI-v2,notinject,indirect_harmful,0.9999996423721313,0.9999997615814209,0.9999997615814209,1.0,1.0,1.0
ProtectAI-v2,notinject,indirect_hijack,0.9999996423721313,0.9999997615814209,0.9999997615814209,1.0,1.0,1.0
ProtectAI-v2,notinject,jailbreak,0.9999996423721313,0.9999997615814209,0.9999997615814209,0.9015151515151515,0.946969696969697,0.946969696969697
Prompt-Guard-2 (86M),deepset,direct,0.0032439017668366432,0.01375583466142416,0.05081372708082199,0.5285171102661597,0.6463878326996197,0.7110266159695817
Prompt-Guard-2 (86M),deepset,indirect_harmful,0.0032439017668366432,0.01375583466142416,0.05081372708082199,0.18333333333333332,0.7,0.8666666666666667
Prompt-Guard-2 (86M),deepset,indirect_hijack,0.0032439017668366432,0.01375583466142416,0.05081372708082199,0.6666666666666666,0.9733333333333334,1.0
Prompt-Guard-2 (86M),deepset,jailbreak,0.0032439017668366432,0.01375583466142416,0.05081372708082199,0.007575757575757576,0.022727272727272728,0.03282828282828283
Prompt-Guard-2 (86M),jailbreak,direct,0.04583525285124779,0.04697253927588463,0.35895320773124695,0.7110266159695817,0.7110266159695817,0.7642585551330798
Prompt-Guard-2 (86M),jailbreak,indirect_harmful,0.04583525285124779,0.04697253927588463,0.35895320773124695,0.85,0.85,0.9166666666666666
Prompt-Guard-2 (86M),jailbreak,indirect_hijack,0.04583525285124779,0.04697253927588463,0.35895320773124695,1.0,1.0,1.0
Prompt-Guard-2 (86M),jailbreak,jailbreak,0.04583525285124779,0.04697253927588463,0.35895320773124695,0.03282828282828283,0.03282828282828283,0.05555555555555555
Prompt-Guard-2 (86M),bipia_host,direct,0.012505601160228252,0.01261233165860176,0.012943189591169357,0.6425855513307985,0.6425855513307985,0.6425855513307985
Prompt-Guard-2 (86M),bipia_host,indirect_harmful,0.012505601160228252,0.01261233165860176,0.012943189591169357,0.6833333333333333,0.6833333333333333,0.6833333333333333
Prompt-Guard-2 (86M),bipia_host,indirect_hijack,0.012505601160228252,0.01261233165860176,0.012943189591169357,0.96,0.96,0.9666666666666667
Prompt-Guard-2 (86M),bipia_host,jailbreak,0.012505601160228252,0.01261233165860176,0.012943189591169357,0.020202020202020204,0.020202020202020204,0.020202020202020204
Prompt-Guard-2 (86M),notinject,direct,0.9868965744972229,0.9948234558105469,0.9955669045448303,0.8326996197718631,0.8593155893536122,0.8669201520912547
Prompt-Guard-2 (86M),notinject,indirect_harmful,0.9868965744972229,0.9948234558105469,0.9955669045448303,0.9333333333333333,1.0,1.0
Prompt-Guard-2 (86M),notinject,indirect_hijack,0.9868965744972229,0.9948234558105469,0.9955669045448303,1.0,1.0,1.0
Prompt-Guard-2 (86M),notinject,jailbreak,0.9868965744972229,0.9948234558105469,0.9955669045448303,0.10606060606060606,0.13636363636363635,0.1388888888888889
Prompt-Guard-2 (22M),deepset,direct,0.021181970834732056,0.02502240426838398,0.04860301688313484,0.8365019011406845,0.8555133079847909,0.8859315589353612
Prompt-Guard-2 (22M),deepset,indirect_harmful,0.021181970834732056,0.02502240426838398,0.04860301688313484,0.9,0.9166666666666666,0.9166666666666666
Prompt-Guard-2 (22M),deepset,indirect_hijack,0.021181970834732056,0.02502240426838398,0.04860301688313484,0.9666666666666667,0.9666666666666667,1.0
Prompt-Guard-2 (22M),deepset,jailbreak,0.021181970834732056,0.02502240426838398,0.04860301688313484,0.08333333333333333,0.08838383838383838,0.10858585858585859
Prompt-Guard-2 (22M),jailbreak,direct,0.31501251459121704,0.34047430753707886,0.3441746234893799,0.9239543726235742,0.9239543726235742,0.9239543726235742
Prompt-Guard-2 (22M),jailbreak,indirect_harmful,0.31501251459121704,0.34047430753707886,0.3441746234893799,1.0,1.0,1.0
Prompt-Guard-2 (22M),jailbreak,indirect_hijack,0.31501251459121704,0.34047430753707886,0.3441746234893799,1.0,1.0,1.0
Prompt-Guard-2 (22M),jailbreak,jailbreak,0.31501251459121704,0.34047430753707886,0.3441746234893799,0.2727272727272727,0.2727272727272727,0.2777777777777778
Prompt-Guard-2 (22M),bipia_host,direct,0.05797983333468437,0.0626024678349495,0.062980517745018,0.8897338403041825,0.8935361216730038,0.8973384030418251
Prompt-Guard-2 (22M),bipia_host,indirect_harmful,0.05797983333468437,0.0626024678349495,0.062980517745018,0.9166666666666666,0.9166666666666666,0.9166666666666666
Prompt-Guard-2 (22M),bipia_host,indirect_hijack,0.05797983333468437,0.0626024678349495,0.062980517745018,1.0,1.0,1.0
Prompt-Guard-2 (22M),bipia_host,jailbreak,0.05797983333468437,0.0626024678349495,0.062980517745018,0.12121212121212122,0.12121212121212122,0.12121212121212122
Prompt-Guard-2 (22M),notinject,direct,0.2705203890800476,0.310982882976532,0.3187693953514099,0.9239543726235742,0.9239543726235742,0.9239543726235742
Prompt-Guard-2 (22M),notinject,indirect_harmful,0.2705203890800476,0.310982882976532,0.3187693953514099,1.0,1.0,1.0
Prompt-Guard-2 (22M),notinject,indirect_hijack,0.2705203890800476,0.310982882976532,0.3187693953514099,1.0,1.0,1.0
Prompt-Guard-2 (22M),notinject,jailbreak,0.2705203890800476,0.310982882976532,0.3187693953514099,0.25252525252525254,0.2727272727272727,0.2727272727272727
