detector,shift,ECE_atk,Brier_atk,S_lo,S_hi,S_guar
ProtectAI-v2,direct,0.5881139854569504,0.5787280201911926,0.9991244077682495,0.9796793460845947,0.9472774267196655
ProtectAI-v2,indirect_harmful,0.7586483062933137,0.7296582460403442,0.9971468448638916,0.9448495507240295,0.909503698348999
ProtectAI-v2,indirect_hijack,0.8500189914167019,0.8213679790496826,0.9969364404678345,0.948487401008606,0.9368032217025757
ProtectAI-v2,jailbreak,0.1686312261855431,0.15753619372844696,0.9980348348617554,0.9012090563774109,0.8507176637649536
Prompt-Guard-2 (86M),direct,0.7663049789377092,0.7496930956840515,0.9989228844642639,0.9979107975959778,0.9956821799278259
Prompt-Guard-2 (86M),indirect_harmful,0.9067168773908635,0.8933460712432861,0.9977560639381409,0.9943183660507202,0.9908866286277771
Prompt-Guard-2 (86M),indirect_hijack,0.9965584825483772,0.9931392669677734,0.9981964230537415,0.9969173073768616,0.996558427810669
Prompt-Guard-2 (86M),jailbreak,0.059075920978479274,0.04932551831007004,,,0.987450361251831
Prompt-Guard-2 (22M),direct,0.927259199794235,0.9100158214569092,0.9957525134086609,0.9953318238258362,0.9942768216133118
Prompt-Guard-2 (22M),indirect_harmful,0.982451745599974,0.9674981832504272,0.9956332445144653,0.9953244924545288,0.9953244924545288
Prompt-Guard-2 (22M),indirect_hijack,0.9952409739443101,0.990540087223053,0.9962103366851807,0.9962103366851807,0.9952409863471985
Prompt-Guard-2 (22M),jailbreak,0.36432188078543565,0.2681102156639099,0.9900178909301758,0.9892160892486572,0.9852718710899353
