detector,pool,N,width_hijack,width_hijack_p5,width_hijack_p95,width_harmful,width_direct,FNR_guar_hijack
Prompt-Guard-2 (22M),deepset (399),50,0.04833333333333334,0.006333333333333269,0.09366666666666672,0.04749999999999998,0.08555133079847907,0.943
Prompt-Guard-2 (22M),deepset (399),100,0.033666666666666685,0.0,0.06066666666666673,0.06999999999999999,0.06330798479087454,0.982
Prompt-Guard-2 (22M),deepset (399),200,0.01900000000000001,0.0,0.03466666666666668,0.028333333333333315,0.033269961977186305,0.9803333333333333
Prompt-Guard-2 (22M),deepset (399),300,0.021333333333333333,0.0,0.033333333333333326,0.01416666666666665,0.02718631178707225,0.9836666666666666
Prompt-Guard-2 (22M),deepset (399),399,0.0,0.0,0.0,0.016666666666666607,0.019011406844106404,1.0
Prompt-Guard-2 (22M),deepset + jailbreak benigns,50,0.0,0.0,0.0,0.02250000000000002,0.008935361216730048,1.0
Prompt-Guard-2 (22M),deepset + jailbreak benigns,100,0.0,0.0,0.0,0.0075000000000000015,0.0024714828897338505,1.0
Prompt-Guard-2 (22M),deepset + jailbreak benigns,200,0.0,0.0,0.0,0.0008333333333333359,0.0003802281368821325,1.0
Prompt-Guard-2 (22M),deepset + jailbreak benigns,300,0.0,0.0,0.0,0.0,0.0003802281368821325,1.0
Prompt-Guard-2 (22M),deepset + jailbreak benigns,399,0.0,0.0,0.0,0.0,0.0,1.0
Prompt-Guard-2 (22M),deepset + jailbreak benigns,600,0.0,0.0,0.0,0.0,0.0,1.0
Prompt-Guard-2 (22M),deepset + jailbreak benigns,797,0.0,0.0,0.0,0.0,0.0,1.0
Prompt-Guard-2 (86M),deepset (399),50,0.43466666666666665,0.019000000000000017,0.9486666666666667,0.42000000000000004,0.19714828897338404,0.7323333333333333
Prompt-Guard-2 (86M),deepset (399),100,0.2833333333333333,0.019,0.5636666666666668,0.40750000000000003,0.1414448669201521,0.8056666666666666
Prompt-Guard-2 (86M),deepset (399),200,0.11733333333333333,0.0,0.43533333333333335,0.17833333333333334,0.05855513307984791,0.8013333333333333
Prompt-Guard-2 (86M),deepset (399),300,0.201,0.020000000000000018,0.3270000000000001,0.3416666666666667,0.08783269961977186,0.8939999999999999
Prompt-Guard-2 (86M),deepset (399),399,0.30666666666666675,0.30666666666666675,0.30666666666666675,0.5166666666666666,0.11787072243346008,1.0
Prompt-Guard-2 (86M),deepset + jailbreak benigns,50,0.04833333333333335,0.0,0.1263333333333334,0.14499999999999996,0.05095057034220529,0.9686666666666668
Prompt-Guard-2 (86M),deepset + jailbreak benigns,100,0.01566666666666665,0.0,0.02833333333333331,0.09750000000000002,0.0490494296577947,0.9953333333333333
Prompt-Guard-2 (86M),deepset + jailbreak benigns,200,0.008999999999999998,0.0,0.028999999999999988,0.06416666666666664,0.038973384030418244,0.9963333333333333
Prompt-Guard-2 (86M),deepset + jailbreak benigns,300,0.004999999999999993,0.0,0.026666666666666616,0.03500000000000001,0.019961977186311798,1.0
Prompt-Guard-2 (86M),deepset + jailbreak benigns,399,0.0020000000000000018,0.0,0.020000000000000018,0.03583333333333334,0.017110266159695825,1.0
Prompt-Guard-2 (86M),deepset + jailbreak benigns,600,0.001333333333333331,0.0,0.0073333333333332786,0.019166666666666672,0.0076045627376425725,0.999
Prompt-Guard-2 (86M),deepset + jailbreak benigns,797,0.0,0.0,0.0,0.016666666666666607,0.019011406844106404,1.0
ProtectAI-v2,deepset (399),50,0.32166666666666666,0.0,0.8943333333333333,0.2841666666666667,0.10342205323193916,0.48133333333333334
ProtectAI-v2,deepset (399),100,0.21933333333333332,0.006333333333333333,0.881,0.19416666666666665,0.07642585551330797,0.795
ProtectAI-v2,deepset (399),200,0.13499999999999998,0.012666666666666644,0.3990000000000001,0.11833333333333332,0.03726235741444866,0.775
ProtectAI-v2,deepset (399),300,0.1443333333333333,0.0,0.36066666666666664,0.11416666666666667,0.03840304182509503,0.8206666666666667
ProtectAI-v2,deepset (399),399,0.36,0.36,0.36,0.25,0.0684410646387833,0.9066666666666666
ProtectAI-v2,deepset + jailbreak benigns,50,0.35033333333333333,0.0,0.8563333333333333,0.3125,0.1108365019011407,0.591
ProtectAI-v2,deepset + jailbreak benigns,100,0.27,0.006333333333333375,0.7096666666666668,0.26,0.14258555133079848,0.746
ProtectAI-v2,deepset + jailbreak benigns,200,0.306,0.019666666666666683,0.6956666666666668,0.26083333333333336,0.09220532319391635,0.728
ProtectAI-v2,deepset + jailbreak benigns,300,0.12366666666666666,0.0,0.3636666666666667,0.10333333333333332,0.03954372623574144,0.8133333333333332
ProtectAI-v2,deepset + jailbreak benigns,399,0.14733333333333332,0.013333333333333308,0.361,0.10916666666666666,0.032319391634980994,0.8956666666666667
ProtectAI-v2,deepset + jailbreak benigns,600,0.10399999999999998,0.0,0.19533333333333344,0.08083333333333334,0.025475285171102646,0.788
ProtectAI-v2,deepset + jailbreak benigns,797,0.18666666666666665,0.18666666666666665,0.18666666666666665,0.15000000000000002,0.049429657794676785,0.8933333333333333
