layer,items,rewrites_deduplicated,part,n_followed,followed_flagged,n_not_followed,not_followed_flagged,difference,difference_lo,difference_hi
10,"judge-decided categories, as the paper",False,all,39,"0.282 [0.165, 0.438]",273,"0.128 [0.094, 0.173]",0.154,0.029,0.313
10,"judge-decided categories, as the paper",False,originals,19,"0.316 [0.154, 0.540]",33,"0.333 [0.198, 0.504]",-0.018,-0.253,0.245
10,"judge-decided categories, as the paper",False,rewrites,20,"0.250 [0.112, 0.469]",240,"0.100 [0.068, 0.144]",0.15,0.005,0.371
10,"judge-decided categories, as the paper",True,all,24,"0.250 [0.120, 0.449]",157,"0.140 [0.094, 0.203]",0.11,-0.035,0.314
10,"judge-decided categories, as the paper",True,originals,19,"0.316 [0.154, 0.540]",33,"0.333 [0.198, 0.504]",-0.018,-0.253,0.245
10,"judge-decided categories, as the paper",True,rewrites,5,"0.000 [0.000, 0.434]",124,"0.089 [0.050, 0.152]",-0.089,-0.152,0.347
10,"all seven categories, final rule",False,all,97,"0.381 [0.291, 0.481]",449,"0.147 [0.117, 0.183]",0.234,0.137,0.338
10,"all seven categories, final rule",False,originals,41,"0.415 [0.278, 0.566]",50,"0.480 [0.348, 0.615]",-0.065,-0.258,0.136
10,"all seven categories, final rule",False,rewrites,56,"0.357 [0.245, 0.488]",399,"0.105 [0.079, 0.139]",0.252,0.134,0.385
10,"all seven categories, final rule",True,all,55,"0.382 [0.265, 0.514]",250,"0.172 [0.130, 0.224]",0.21,0.082,0.348
10,"all seven categories, final rule",True,originals,41,"0.415 [0.278, 0.566]",50,"0.480 [0.348, 0.615]",-0.065,-0.258,0.136
10,"all seven categories, final rule",True,rewrites,14,"0.286 [0.117, 0.546]",200,"0.095 [0.062, 0.144]",0.191,0.015,0.454
10,"marker categories only, final rule",False,all,50,"0.500 [0.366, 0.634]",184,"0.174 [0.126, 0.235]",0.326,0.179,0.468
10,"marker categories only, final rule",False,originals,19,"0.526 [0.317, 0.727]",20,"0.700 [0.481, 0.855]",-0.174,-0.434,0.123
10,"marker categories only, final rule",False,rewrites,31,"0.484 [0.320, 0.652]",164,"0.110 [0.071, 0.167]",0.374,0.2,0.546
10,"marker categories only, final rule",True,all,27,"0.519 [0.340, 0.693]",97,"0.227 [0.155, 0.320]",0.292,0.09,0.48
10,"marker categories only, final rule",True,originals,19,"0.526 [0.317, 0.727]",20,"0.700 [0.481, 0.855]",-0.174,-0.434,0.123
10,"marker categories only, final rule",True,rewrites,8,"0.500 [0.215, 0.785]",77,"0.104 [0.054, 0.192]",0.396,0.098,0.685
18,"judge-decided categories, as the paper",False,all,39,"0.231 [0.126, 0.383]",273,"0.121 [0.087, 0.165]",0.11,-0.003,0.266
18,"judge-decided categories, as the paper",False,originals,19,"0.263 [0.118, 0.488]",33,"0.333 [0.198, 0.504]",-0.07,-0.294,0.192
18,"judge-decided categories, as the paper",False,rewrites,20,"0.200 [0.081, 0.416]",240,"0.092 [0.061, 0.135]",0.108,-0.019,0.326
18,"judge-decided categories, as the paper",True,all,24,"0.208 [0.092, 0.405]",157,"0.134 [0.089, 0.196]",0.075,-0.057,0.276
18,"judge-decided categories, as the paper",True,originals,19,"0.263 [0.118, 0.488]",33,"0.333 [0.198, 0.504]",-0.07,-0.294,0.192
18,"judge-decided categories, as the paper",True,rewrites,5,"0.000 [0.000, 0.434]",124,"0.081 [0.044, 0.142]",-0.081,-0.142,0.355
18,"all seven categories, final rule",False,all,97,"0.361 [0.272, 0.460]",449,"0.143 [0.113, 0.178]",0.218,0.123,0.322
18,"all seven categories, final rule",False,originals,41,"0.415 [0.278, 0.566]",50,"0.480 [0.348, 0.615]",-0.065,-0.258,0.136
18,"all seven categories, final rule",False,rewrites,56,"0.321 [0.214, 0.452]",399,"0.100 [0.074, 0.134]",0.221,0.109,0.354
18,"all seven categories, final rule",True,all,55,"0.364 [0.249, 0.496]",250,"0.164 [0.123, 0.215]",0.2,0.074,0.338
18,"all seven categories, final rule",True,originals,41,"0.415 [0.278, 0.566]",50,"0.480 [0.348, 0.615]",-0.065,-0.258,0.136
18,"all seven categories, final rule",True,rewrites,14,"0.214 [0.076, 0.476]",200,"0.085 [0.054, 0.132]",0.129,-0.017,0.393
18,"marker categories only, final rule",False,all,50,"0.500 [0.366, 0.634]",184,"0.174 [0.126, 0.235]",0.326,0.179,0.468
18,"marker categories only, final rule",False,originals,19,"0.579 [0.363, 0.769]",20,"0.700 [0.481, 0.855]",-0.121,-0.387,0.169
18,"marker categories only, final rule",False,rewrites,31,"0.452 [0.292, 0.622]",164,"0.110 [0.071, 0.167]",0.342,0.172,0.517
18,"marker categories only, final rule",True,all,27,"0.519 [0.340, 0.693]",97,"0.216 [0.146, 0.308]",0.302,0.101,0.49
18,"marker categories only, final rule",True,originals,19,"0.579 [0.363, 0.769]",20,"0.700 [0.481, 0.855]",-0.121,-0.387,0.169
18,"marker categories only, final rule",True,rewrites,8,"0.375 [0.137, 0.694]",77,"0.091 [0.045, 0.176]",0.284,0.031,0.607
26,"judge-decided categories, as the paper",False,all,39,"0.282 [0.165, 0.438]",273,"0.143 [0.106, 0.189]",0.139,0.014,0.299
26,"judge-decided categories, as the paper",False,originals,19,"0.316 [0.154, 0.540]",33,"0.333 [0.198, 0.504]",-0.018,-0.253,0.245
26,"judge-decided categories, as the paper",False,rewrites,20,"0.250 [0.112, 0.469]",240,"0.117 [0.082, 0.163]",0.133,-0.013,0.355
26,"judge-decided categories, as the paper",True,all,24,"0.250 [0.120, 0.449]",157,"0.172 [0.121, 0.239]",0.078,-0.068,0.283
26,"judge-decided categories, as the paper",True,originals,19,"0.316 [0.154, 0.540]",33,"0.333 [0.198, 0.504]",-0.018,-0.253,0.245
26,"judge-decided categories, as the paper",True,rewrites,5,"0.000 [0.000, 0.434]",124,"0.129 [0.081, 0.199]",-0.129,-0.199,0.308
26,"all seven categories, final rule",False,all,97,"0.402 [0.310, 0.502]",449,"0.160 [0.129, 0.197]",0.242,0.143,0.346
26,"all seven categories, final rule",False,originals,41,"0.439 [0.299, 0.590]",50,"0.480 [0.348, 0.615]",-0.041,-0.235,0.159
26,"all seven categories, final rule",False,rewrites,56,"0.375 [0.260, 0.506]",399,"0.120 [0.092, 0.156]",0.255,0.134,0.389
26,"all seven categories, final rule",True,all,55,"0.400 [0.281, 0.532]",250,"0.192 [0.148, 0.245]",0.208,0.078,0.347
26,"all seven categories, final rule",True,originals,41,"0.439 [0.299, 0.590]",50,"0.480 [0.348, 0.615]",-0.041,-0.235,0.159
26,"all seven categories, final rule",True,rewrites,14,"0.286 [0.117, 0.546]",200,"0.120 [0.082, 0.172]",0.166,-0.011,0.429
26,"marker categories only, final rule",False,all,50,"0.540 [0.404, 0.670]",184,"0.185 [0.135, 0.247]",0.355,0.206,0.495
26,"marker categories only, final rule",False,originals,19,"0.579 [0.363, 0.769]",20,"0.700 [0.481, 0.855]",-0.121,-0.387,0.169
26,"marker categories only, final rule",False,rewrites,31,"0.516 [0.348, 0.680]",164,"0.122 [0.080, 0.181]",0.394,0.216,0.564
26,"marker categories only, final rule",True,all,27,"0.556 [0.373, 0.724]",97,"0.227 [0.155, 0.320]",0.329,0.124,0.512
26,"marker categories only, final rule",True,originals,19,"0.579 [0.363, 0.769]",20,"0.700 [0.481, 0.855]",-0.121,-0.387,0.169
26,"marker categories only, final rule",True,rewrites,8,"0.500 [0.215, 0.785]",77,"0.104 [0.054, 0.192]",0.396,0.098,0.685
