model,items,n,window,clean,noise,clean_minus_noise,attack_that_worked,attack_that_failed
Qwen 3B undefended,robust successes,72,L6-11,"0.111 [0.057, 0.204]","0.153 [0.088, 0.253]","-0.04 [-0.14, +0.06]",,
Qwen 3B undefended,robust successes,72,L12-17,"0.222 [0.142, 0.331]","0.139 [0.077, 0.237]","+0.08 [-0.01, +0.18]",,
Qwen 3B undefended,robust successes,72,L18-23,"0.653 [0.538, 0.752]","0.153 [0.088, 0.253]","+0.50 [+0.37, +0.60]",,
Qwen 3B undefended,robust successes,72,L21-26,"0.806 [0.700, 0.880]","0.208 [0.131, 0.316]","+0.60 [+0.46, +0.70]","0.208 [0.131, 0.316]","0.417 [0.310, 0.532]"
Qwen 3B undefended,robust successes,72,L24-29,"0.528 [0.414, 0.639]","0.194 [0.120, 0.300]","+0.33 [+0.18, +0.47]",,
Qwen 3B undefended,robust successes,72,L0-31,"0.833 [0.731, 0.902]","0.181 [0.109, 0.285]","+0.65 [+0.51, +0.75]","0.194 [0.120, 0.300]","0.556 [0.441, 0.665]"
Qwen 3B undefended,fragile successes,75,L6-11,"0.587 [0.474, 0.691]","0.453 [0.346, 0.566]","+0.13 [-0.00, +0.26]",,
Qwen 3B undefended,fragile successes,75,L12-17,"0.680 [0.568, 0.775]","0.573 [0.461, 0.679]","+0.11 [-0.04, +0.24]",,
Qwen 3B undefended,fragile successes,75,L18-23,"0.880 [0.787, 0.936]","0.707 [0.596, 0.798]","+0.17 [+0.04, +0.30]",,
Qwen 3B undefended,fragile successes,75,L21-26,"0.800 [0.696, 0.875]","0.653 [0.541, 0.751]","+0.15 [+0.01, +0.28]","0.600 [0.487, 0.703]","0.800 [0.696, 0.875]"
Qwen 3B undefended,fragile successes,75,L24-29,"0.733 [0.624, 0.820]","0.547 [0.434, 0.654]","+0.19 [+0.06, +0.31]",,
Qwen 3B undefended,fragile successes,75,L0-31,"0.840 [0.741, 0.906]","0.613 [0.500, 0.715]","+0.23 [+0.08, +0.36]","0.507 [0.396, 0.617]","0.813 [0.711, 0.885]"
Qwen 3B undefended,all successes,147,L6-11,"0.354 [0.281, 0.434]","0.306 [0.237, 0.385]","+0.05 [-0.04, +0.13]",,
Qwen 3B undefended,all successes,147,L12-17,"0.456 [0.377, 0.536]","0.361 [0.287, 0.441]","+0.10 [+0.01, +0.18]",,
Qwen 3B undefended,all successes,147,L18-23,"0.769 [0.694, 0.830]","0.435 [0.358, 0.516]","+0.33 [+0.24, +0.42]",,
Qwen 3B undefended,all successes,147,L21-26,"0.803 [0.731, 0.859]","0.435 [0.358, 0.516]","+0.37 [+0.26, +0.46]","0.408 [0.332, 0.489]","0.612 [0.532, 0.687]"
Qwen 3B undefended,all successes,147,L24-29,"0.633 [0.552, 0.706]","0.374 [0.300, 0.455]","+0.26 [+0.16, +0.35]",,
Qwen 3B undefended,all successes,147,L0-31,"0.837 [0.769, 0.888]","0.401 [0.326, 0.482]","+0.44 [+0.33, +0.52]","0.354 [0.281, 0.434]","0.687 [0.608, 0.756]"
Qwen 3B undefended,robust (single-layer definition),51,L6-11,"0.078 [0.031, 0.185]","0.059 [0.020, 0.159]","+0.02 [-0.07, +0.12]",,
Qwen 3B undefended,robust (single-layer definition),51,L12-17,"0.078 [0.031, 0.185]","0.039 [0.011, 0.132]","+0.04 [-0.06, +0.15]",,
Qwen 3B undefended,robust (single-layer definition),51,L18-23,"0.490 [0.359, 0.623]","0.118 [0.055, 0.234]","+0.37 [+0.21, +0.51]",,
Qwen 3B undefended,robust (single-layer definition),51,L21-26,"0.784 [0.654, 0.875]","0.137 [0.068, 0.257]","+0.65 [+0.48, +0.75]","0.098 [0.043, 0.210]","0.294 [0.187, 0.430]"
Qwen 3B undefended,robust (single-layer definition),51,L24-29,"0.353 [0.236, 0.490]","0.157 [0.082, 0.280]","+0.20 [+0.02, +0.36]",,
Qwen 3B undefended,robust (single-layer definition),51,L0-31,"0.745 [0.611, 0.845]","0.078 [0.031, 0.185]","+0.67 [+0.50, +0.78]","0.118 [0.055, 0.234]","0.431 [0.305, 0.567]"
Qwen 3B full recipe (v4),robust successes,5,L6-11,"0.400 [0.118, 0.769]","0.000 [0.000, 0.434]","+0.40 [-0.12, +0.77]",,
Qwen 3B full recipe (v4),robust successes,5,L12-17,"0.400 [0.118, 0.769]","0.200 [0.036, 0.624]","+0.20 [-0.29, +0.59]",,
Qwen 3B full recipe (v4),robust successes,5,L18-23,"1.000 [0.566, 1.000]","0.000 [0.000, 0.434]","+1.00 [+0.39, +1.00]",,
Qwen 3B full recipe (v4),robust successes,5,L21-26,"1.000 [0.566, 1.000]","0.400 [0.118, 0.769]","+0.60 [+0.03, +0.88]",,
Qwen 3B full recipe (v4),robust successes,5,L24-29,"1.000 [0.566, 1.000]","0.000 [0.000, 0.434]","+1.00 [+0.39, +1.00]",,
Qwen 3B full recipe (v4),robust successes,5,L0-31,"1.000 [0.566, 1.000]","0.200 [0.036, 0.624]","+0.80 [+0.19, +0.96]",,
Qwen 3B full recipe (v4),fragile successes,2,L6-11,"0.500 [0.095, 0.905]","0.500 [0.095, 0.905]","+0.00 [-0.57, +0.57]",,
Qwen 3B full recipe (v4),fragile successes,2,L12-17,"0.500 [0.095, 0.905]","0.500 [0.095, 0.905]","+0.00 [-0.57, +0.57]",,
Qwen 3B full recipe (v4),fragile successes,2,L18-23,"1.000 [0.342, 1.000]","1.000 [0.342, 1.000]","+0.00 [-0.66, +0.66]",,
Qwen 3B full recipe (v4),fragile successes,2,L21-26,"1.000 [0.342, 1.000]","1.000 [0.342, 1.000]","+0.00 [-0.66, +0.66]",,
Qwen 3B full recipe (v4),fragile successes,2,L24-29,"1.000 [0.342, 1.000]","0.000 [0.000, 0.658]","+1.00 [+0.07, +1.00]",,
Qwen 3B full recipe (v4),fragile successes,2,L0-31,"1.000 [0.342, 1.000]","0.500 [0.095, 0.905]","+0.50 [-0.27, +0.91]",,
Qwen 3B full recipe (v4),all successes,7,L6-11,"0.429 [0.158, 0.750]","0.143 [0.026, 0.513]","+0.29 [-0.16, +0.62]",,
Qwen 3B full recipe (v4),all successes,7,L12-17,"0.429 [0.158, 0.750]","0.286 [0.082, 0.641]","+0.14 [-0.20, +0.44]",,
Qwen 3B full recipe (v4),all successes,7,L18-23,"1.000 [0.646, 1.000]","0.286 [0.082, 0.641]","+0.71 [+0.21, +0.92]",,
Qwen 3B full recipe (v4),all successes,7,L21-26,"1.000 [0.646, 1.000]","0.571 [0.250, 0.842]","+0.43 [-0.02, +0.75]",,
Qwen 3B full recipe (v4),all successes,7,L24-29,"1.000 [0.646, 1.000]","0.000 [0.000, 0.354]","+1.00 [+0.50, +1.00]",,
Qwen 3B full recipe (v4),all successes,7,L0-31,"1.000 [0.646, 1.000]","0.286 [0.082, 0.641]","+0.71 [+0.21, +0.92]",,
