model,score,cls,rule,alpha,n_cal,cal_losses,lam,test_k,n_test,realised,lo,hi,clus_lo,clus_hi,perm_mean,perm_se,perm_q975,perm_rank,perm_abst_mean,abst_test,abst_cal,abst_external,n_external,interval_contains_alpha_or_below,perm_mean_within_alpha
qwen3b_undefended,structural,logged,paper,0.02,105,1,6.995599960646359e-06,2,105,0.01904761904761905,0.005239072265250377,0.06680691015323667,0.0,0.0480885922330097,0.018718095238095242,0.00018438296087468082,0.06666666666666667,0.6917,0.8057476190476193,0.8285714285714286,0.7714285714285715,0.0,60,True,True
qwen3b_undefended,structural,logged,paper,0.05,105,4,9.546448382025119e-06,3,105,0.02857142857142857,0.009763662138955605,0.08065764736035347,0.0,0.06197480666507212,0.0467247619047619,0.00028362681378232683,0.11428571428571428,0.3608,0.26535904761904766,0.38095238095238093,0.3523809523809524,0.0,60,True,True
qwen3b_undefended,structural,logged,paper,0.1,105,9,2.6414081730763428e-05,9,105,0.08571428571428572,0.045748960070996485,0.1549243119132448,0.03959425354300136,0.1359333627537511,0.09414666666666664,0.0003967167063869768,0.18095238095238095,0.4987,0.04188571428571429,0.05714285714285714,0.047619047619047616,0.0,60,True,True
qwen3b_undefended,structural,fixed13,paper,0.02,105,1,3.4451395549695008e-06,1,105,0.009523809523809525,0.001683125905052792,0.051987529432612214,0.0,0.031914893617021274,0.018935238095238095,0.00018514047284047688,0.06666666666666667,0.4987,0.9999371428571429,1.0,1.0,1.0,60,True,True
qwen3b_undefended,structural,fixed13,paper,0.05,105,4,4.519183676165994e-06,9,105,0.08571428571428572,0.045748960070996485,0.1549243119132448,0.017695233659369664,0.17206011730205278,0.04662761904761905,0.0002913725310251464,0.11428571428571428,0.9166,0.9957600000000001,1.0,0.9809523809523809,1.0,60,True,True
qwen3b_undefended,structural,fixed13,paper,0.1,105,9,7.257004199345829e-06,15,105,0.14285714285714285,0.08852402661833805,0.22240120785083545,0.0625,0.2372461730709152,0.09444095238095239,0.00040042677999030293,0.18095238095238095,0.9006,0.8877961904761905,0.8,0.7238095238095238,0.0,60,True,True
qwen3b_undefended,structural,fixed13,host_kept,0.02,105,1,7.257004199345829e-06,3,105,0.02857142857142857,0.009763662138955605,0.08065764736035347,0.0,0.07696078431372547,0.018937142857142857,0.00018930737931850642,0.06666666666666667,0.8179,0.8077352380952382,0.8,0.7238095238095238,0.0,60,True,True
qwen3b_undefended,structural,fixed13,host_kept,0.05,105,4,2.9068080038996413e-05,8,105,0.0761904761904762,0.03911018406047028,0.14318776084294899,0.028030893042575285,0.13131313131313133,0.04710952380952381,0.0002922332384417416,0.11428571428571428,0.8713,0.14005619047619047,0.047619047619047616,0.0380952380952381,0.0,60,True,True
qwen3b_undefended,structural,fixed13,host_kept,0.1,105,9,0.999953031539917,11,105,0.10476190476190476,0.059510259416906686,0.17791366672897868,0.051539783240814166,0.16382198720227512,0.09426666666666665,0.000400072109555408,0.18095238095238095,0.6757,0.0023295238095238095,0.0,0.0,0.0,60,True,True
qwen3b_undefended,structural,union,paper,0.02,105,1,3.4451395549695008e-06,1,105,0.009523809523809525,0.001683125905052792,0.051987529432612214,0.0,0.031914893617021274,0.018935238095238095,0.00018514047284047688,0.06666666666666667,0.4987,0.9999371428571429,1.0,1.0,1.0,60,True,True
qwen3b_undefended,structural,union,paper,0.05,105,4,4.519183676165994e-06,9,105,0.08571428571428572,0.045748960070996485,0.1549243119132448,0.017695233659369664,0.17206011730205278,0.046643809523809525,0.00029201395247373664,0.11428571428571428,0.9166,0.9959609523809524,1.0,0.9809523809523809,1.0,60,True,True
qwen3b_undefended,structural,union,paper,0.1,105,9,6.995599960646359e-06,16,105,0.1523809523809524,0.09602582280126756,0.23327473874872803,0.07069377990430621,0.25242963616750025,0.0944495238095238,0.00040119005139858466,0.18095238095238095,0.9283,0.923189523809524,0.8285714285714286,0.7714285714285715,0.0,60,True,True
qwen3b_undefended,structural,union,host_kept,0.02,105,1,6.572733127541142e-06,5,105,0.047619047619047616,0.020508863227294703,0.10666310043365844,0.009259259259259259,0.1,0.018772380952380954,0.00018609354667700084,0.06666666666666667,0.9397,0.9306619047619049,0.8761904761904762,0.8857142857142857,0.0,60,False,True
qwen3b_undefended,structural,union,host_kept,0.05,105,4,7.257004199345829e-06,5,105,0.047619047619047616,0.020508863227294703,0.10666310043365844,0.009259259259259259,0.1,0.04710666666666667,0.00029125174816293793,0.11428571428571428,0.6316,0.6653885714285714,0.8,0.7238095238095238,0.0,60,True,True
qwen3b_undefended,structural,union,host_kept,0.1,105,9,2.3109418179956265e-05,13,105,0.12380952380952381,0.07380094170864485,0.2003736385988846,0.06248389175257732,0.1891963015647226,0.09434666666666668,0.0003996710681563221,0.18095238095238095,0.8133,0.09358095238095239,0.05714285714285714,0.047619047619047616,0.0,60,True,True
qwen3b_undefended,protectai,logged,paper,0.02,105,1,9.255678014596924e-05,1,105,0.009523809523809525,0.001683125905052792,0.051987529432612214,0.0,0.030927835051546393,0.01866,0.00018560004526177297,0.06666666666666667,0.5086,0.9890142857142857,0.9809523809523809,1.0,0.48333333333333334,60,True,True
qwen3b_undefended,protectai,logged,paper,0.05,105,4,0.0003241004014853388,3,105,0.02857142857142857,0.009763662138955605,0.08065764736035347,0.0,0.06383954714034744,0.04698095238095239,0.00029107113256592526,0.11428571428571428,0.3604,0.9733200000000001,0.9714285714285714,0.9809523809523809,0.48333333333333334,60,True,True
qwen3b_undefended,protectai,logged,paper,0.1,105,9,0.0005161997396498919,4,105,0.0380952380952381,0.014912218047781598,0.09388441853234951,0.008620689655172414,0.0777941176470588,0.09414571428571429,0.00040180007463445813,0.18095238095238095,0.0841,0.9558847619047619,0.9619047619047619,0.9619047619047619,0.0,60,True,True
qwen3b_undefended,protectai,fixed13,paper,0.02,105,1,1.754309778334573e-06,3,105,0.02857142857142857,0.009763662138955605,0.08065764736035347,0.0,0.0803684163059163,0.0191152380952381,0.00018889445575010565,0.06666666666666667,0.8124,0.999917142857143,1.0,1.0,0.48333333333333334,60,True,True
qwen3b_undefended,protectai,fixed13,paper,0.05,105,4,9.255678014596924e-05,8,105,0.0761904761904762,0.03911018406047028,0.14318776084294899,0.009257135575942915,0.16161616161616163,0.04761047619047619,0.00029131704734260117,0.11428571428571428,0.8687,0.9957971428571427,0.9809523809523809,1.0,0.48333333333333334,60,True,True
qwen3b_undefended,protectai,fixed13,paper,0.1,105,9,0.0005515912780538201,11,105,0.10476190476190476,0.059510259416906686,0.17791366672897868,0.03447296238244514,0.19421729556600936,0.09443047619047619,0.0004006070033546546,0.18095238095238095,0.6726,0.967192380952381,0.9619047619047619,0.9619047619047619,0.0,60,True,True
qwen3b_undefended,protectai,fixed13,host_kept,0.02,105,1,9.255678014596924e-05,1,105,0.009523809523809525,0.001683125905052792,0.051987529432612214,0.0,0.031914893617021274,0.01885142857142857,0.00018785251841660694,0.06666666666666667,0.5006,0.9888609523809526,0.9809523809523809,1.0,0.48333333333333334,60,True,True
qwen3b_undefended,protectai,fixed13,host_kept,0.05,105,4,0.0005161997396498919,4,105,0.0380952380952381,0.014912218047781598,0.09388441853234951,0.008849557522123894,0.0777941176470588,0.04730095238095238,0.0002917897407553738,0.11428571428571428,0.4982,0.9628647619047619,0.9619047619047619,0.9619047619047619,0.0,60,True,True
qwen3b_undefended,protectai,fixed13,host_kept,0.1,105,9,0.0010918591869994998,7,105,0.06666666666666667,0.032665468928650555,0.13125714889394666,0.019226190476190477,0.12000925925925925,0.0946,0.00039977627561228345,0.18095238095238095,0.3033,0.9289361904761907,0.9523809523809523,0.9428571428571428,0.0,60,True,True
qwen3b_undefended,protectai,union,paper,0.02,105,1,1.754309778334573e-06,3,105,0.02857142857142857,0.009763662138955605,0.08065764736035347,0.0,0.0803684163059163,0.019095238095238096,0.00018806003085789776,0.06666666666666667,0.8124,0.9999380952380952,1.0,1.0,0.48333333333333334,60,True,True
qwen3b_undefended,protectai,union,paper,0.05,105,4,2.7340391170582734e-05,6,105,0.05714285714285714,0.026449273928096855,0.11909801681367835,0.0,0.12965991692627205,0.047613333333333334,0.00029185370071350264,0.11428571428571428,0.7242,0.9969952380952382,0.9904761904761905,1.0,0.48333333333333334,60,True,True
qwen3b_undefended,protectai,union,paper,0.1,105,9,0.00043576056486926973,12,105,0.11428571428571428,0.06659636239485518,0.18920289083185224,0.038834951456310676,0.20561434854315558,0.09449619047619047,0.00040174236158181567,0.18095238095238095,0.7476,0.9769561904761905,0.9714285714285714,0.9714285714285714,0.48333333333333334,60,True,True
qwen3b_undefended,protectai,union,host_kept,0.02,105,1,2.7340391170582734e-05,1,105,0.009523809523809525,0.001683125905052792,0.051987529432612214,0.0,0.031914893617021274,0.01876857142857143,0.00018583444835943138,0.06666666666666667,0.5036,0.9932428571428572,0.9904761904761905,1.0,0.48333333333333334,60,True,True
qwen3b_undefended,protectai,union,host_kept,0.05,105,4,0.0003241004014853388,4,105,0.0380952380952381,0.014912218047781598,0.09388441853234951,0.008928571428571428,0.07866559127822893,0.047171428571428566,0.0002923938817268042,0.11428571428571428,0.5021,0.9764066666666668,0.9714285714285714,0.9809523809523809,0.48333333333333334,60,True,True
qwen3b_undefended,protectai,union,host_kept,0.1,105,9,0.0005161997396498919,6,105,0.05714285714285714,0.026449273928096855,0.11909801681367835,0.018173701298701297,0.1063933071679405,0.09423428571428571,0.0004034959003192344,0.18095238095238095,0.2223,0.9598285714285716,0.9619047619047619,0.9619047619047619,0.0,60,True,True
qwen3b_undefended,promptguard2,logged,paper,0.02,105,1,0.0008263300987891853,0,105,0.0,0.0,0.035295328256842964,0.0,0.0,0.01906761904761905,0.0001894901013131149,0.06666666666666667,0.249,0.9126952380952383,0.9428571428571428,0.9238095238095239,0.0,60,True,True
qwen3b_undefended,promptguard2,logged,paper,0.05,105,4,0.000924236373975873,2,105,0.01904761904761905,0.005239072265250377,0.06680691015323667,0.0,0.04673999294657026,0.04721619047619048,0.00029111787164012485,0.11428571428571428,0.2249,0.8244019047619049,0.8857142857142857,0.8857142857142857,0.0,60,True,True
qwen3b_undefended,promptguard2,logged,paper,0.1,105,9,0.0010431930422782898,3,105,0.02857142857142857,0.009763662138955605,0.08065764736035347,0.0,0.06,0.0948857142857143,0.00039940306636754747,0.18095238095238095,0.0403,0.7325095238095237,0.7904761904761904,0.7428571428571429,0.0,60,True,True
qwen3b_undefended,promptguard2,fixed13,paper,0.02,105,1,0.00039366711280308664,0,105,0.0,0.0,0.035295328256842964,0.0,0.0,0.015598095238095237,0.00020185669657076904,0.06666666666666667,0.4326,0.99998,1.0,1.0,1.0,60,True,True
qwen3b_undefended,promptguard2,fixed13,paper,0.05,105,4,0.0006986254011280835,9,105,0.08571428571428572,0.045748960070996485,0.1549243119132448,0.01922169811320755,0.16218419506462983,0.04728380952380952,0.0002882345496732012,0.11428571428571428,0.9211,0.9969923809523811,1.0,0.9904761904761905,0.0,60,True,True
qwen3b_undefended,promptguard2,fixed13,paper,0.1,105,9,0.0008449007291346788,12,105,0.11428571428571428,0.06659636239485518,0.18920289083185224,0.041655927835051544,0.19811320754716982,0.09440095238095238,0.0004000899942282077,0.18095238095238095,0.7517,0.9345476190476191,0.9333333333333333,0.9238095238095239,0.0,60,True,True
qwen3b_undefended,promptguard2,fixed13,host_kept,0.02,105,1,0.0008263300987891853,1,105,0.009523809523809525,0.001683125905052792,0.051987529432612214,0.0,0.031914893617021274,0.019198095238095236,0.0001881269546269005,0.06666666666666667,0.4913,0.9309571428571429,0.9428571428571428,0.9238095238095239,0.0,60,True,True
qwen3b_undefended,promptguard2,fixed13,host_kept,0.05,105,4,0.0009800679981708527,6,105,0.05714285714285714,0.026449273928096855,0.11909801681367835,0.01612838381131065,0.11429315476190476,0.04759428571428572,0.0002913465348727852,0.11428571428571428,0.7284,0.8316952380952382,0.8285714285714286,0.8095238095238095,0.0,60,True,True
qwen3b_undefended,promptguard2,fixed13,host_kept,0.1,105,9,0.0012293714098632336,8,105,0.0761904761904762,0.03911018406047028,0.14318776084294899,0.02221611721611722,0.1415431266846361,0.09493428571428571,0.00040045609388499525,0.18095238095238095,0.3999,0.6906457142857143,0.7142857142857143,0.6952380952380952,0.0,60,True,True
qwen3b_undefended,promptguard2,union,paper,0.02,105,1,0.00039366711280308664,0,105,0.0,0.0,0.035295328256842964,0.0,0.0,0.015598095238095237,0.00020185669657076904,0.06666666666666667,0.4326,0.9999819047619046,1.0,1.0,1.0,60,True,True
qwen3b_undefended,promptguard2,union,paper,0.05,105,4,0.0006986254011280835,9,105,0.08571428571428572,0.045748960070996485,0.1549243119132448,0.01922169811320755,0.16218419506462983,0.04729238095238095,0.0002885296423326578,0.11428571428571428,0.9211,0.9971980952380952,1.0,0.9904761904761905,0.0,60,True,True
qwen3b_undefended,promptguard2,union,paper,0.1,105,9,0.0008332282886840403,12,105,0.11428571428571428,0.06659636239485518,0.18920289083185224,0.041655927835051544,0.19811320754716982,0.09443142857142857,0.0004015469359513966,0.18095238095238095,0.7506,0.9484514285714287,0.9333333333333333,0.9238095238095239,0.0,60,True,True
qwen3b_undefended,promptguard2,union,host_kept,0.02,105,1,0.0007796813733875751,1,105,0.009523809523809525,0.001683125905052792,0.051987529432612214,0.0,0.031914893617021274,0.01924190476190476,0.00018809882859482653,0.06666666666666667,0.4941,0.9480942857142858,0.9619047619047619,0.9809523809523809,0.0,60,True,True
qwen3b_undefended,promptguard2,union,host_kept,0.05,105,4,0.0009101479663513601,4,105,0.0380952380952381,0.014912218047781598,0.09388441853234951,0.008770022883295195,0.07694174757281552,0.047553333333333336,0.0002911418899417065,0.11428571428571428,0.4937,0.8862352380952383,0.9047619047619048,0.9047619047619048,0.0,60,True,True
qwen3b_undefended,promptguard2,union,host_kept,0.1,105,9,0.000988523242995143,7,105,0.06666666666666667,0.032665468928650555,0.13125714889394666,0.019995049504950495,0.12613086770981508,0.09474190476190476,0.0003962994023993001,0.18095238095238095,0.3026,0.7834885714285715,0.8285714285714286,0.8,0.0,60,True,True
qwen3b_undefended,probe,logged,paper,0.02,105,1,0.002277966299133356,0,105,0.0,0.0,0.035295328256842964,0.0,0.0,0.01898666666666667,0.00018789557274438004,0.06666666666666667,0.242,0.9753447619047619,0.9904761904761905,0.9904761904761905,1.0,60,True,True
qwen3b_undefended,probe,logged,paper,0.05,105,4,0.006832022613655826,1,105,0.009523809523809525,0.001683125905052792,0.051987529432612214,0.0,0.030927835051546393,0.047254285714285714,0.0002947398386861281,0.11428571428571428,0.1069,0.9372000000000001,0.9809523809523809,0.9523809523809523,0.5166666666666667,60,True,True
qwen3b_undefended,probe,logged,paper,0.1,105,9,0.016183217259437246,8,105,0.0761904761904762,0.03911018406047028,0.14318776084294899,0.03477511244377811,0.12621614716402657,0.09371428571428571,0.0004040408122442836,0.18095238095238095,0.4544,0.8669904761904763,0.8952380952380953,0.8666666666666667,0.5166666666666667,60,True,True
qwen3b_undefended,probe,fixed13,paper,0.02,105,1,0.005430307899313724,3,105,0.02857142857142857,0.009763662138955605,0.08065764736035347,0.0,0.06124026930359771,0.018821904761904762,0.00018461245947703532,0.06666666666666667,0.8209,0.9801704761904763,0.9809523809523809,0.9809523809523809,0.5166666666666667,60,True,True
qwen3b_undefended,probe,fixed13,paper,0.05,105,4,0.008470760835322307,3,105,0.02857142857142857,0.009763662138955605,0.08065764736035347,0.0,0.06124026930359771,0.04735428571428572,0.0002903490212755027,0.11428571428571428,0.3577,0.9380352380952381,0.9619047619047619,0.9333333333333333,0.5166666666666667,60,True,True
qwen3b_undefended,probe,fixed13,paper,0.1,105,9,0.021974334549288033,11,105,0.10476190476190476,0.059510259416906686,0.17791366672897868,0.04715879033680127,0.16525362318840575,0.0941257142857143,0.00040020089662951523,0.18095238095238095,0.6755,0.8356066666666669,0.8380952380952381,0.780952380952381,0.5166666666666667,60,True,True
qwen3b_undefended,probe,fixed13,host_kept,0.02,105,1,0.005430307899313724,0,105,0.0,0.0,0.035295328256842964,0.0,0.0,0.01875238095238095,0.00018685665604504904,0.06666666666666667,0.2503,0.9610457142857144,0.9809523809523809,0.9809523809523809,0.5166666666666667,60,True,True
qwen3b_undefended,probe,fixed13,host_kept,0.05,105,4,0.008470760835322307,0,105,0.0,0.0,0.035295328256842964,0.0,0.0,0.047022857142857144,0.0002909179205129429,0.11428571428571428,0.0292,0.8859276190476192,0.9619047619047619,0.9333333333333333,0.5166666666666667,60,True,True
qwen3b_undefended,probe,fixed13,host_kept,0.1,105,9,0.03266694974001988,7,105,0.06666666666666667,0.032665468928650555,0.13125714889394666,0.02677978824273072,0.11538461538461539,0.09440761904761905,0.0003993413438311132,0.18095238095238095,0.3076,0.7165361904761905,0.780952380952381,0.6952380952380952,0.0,60,True,True
qwen3b_undefended,probe,union,paper,0.02,105,1,0.002277966299133356,0,105,0.0,0.0,0.035295328256842964,0.0,0.0,0.018993333333333334,0.0001868330734275902,0.06666666666666667,0.242,0.9835961904761905,0.9904761904761905,0.9904761904761905,1.0,60,True,True
qwen3b_undefended,probe,union,paper,0.05,105,4,0.006832022613655826,4,105,0.0380952380952381,0.014912218047781598,0.09388441853234951,0.008928571428571428,0.0762087912087912,0.0476552380952381,0.0002935981475284222,0.11428571428571428,0.501,0.9579247619047621,0.9809523809523809,0.9523809523809523,0.5166666666666667,60,True,True
qwen3b_undefended,probe,union,paper,0.1,105,9,0.013711353199727948,9,105,0.08571428571428572,0.045748960070996485,0.1549243119132448,0.038834951456310676,0.13688639916623238,0.0938,0.00040025349378637083,0.18095238095238095,0.5065,0.9023552380952382,0.9238095238095239,0.8952380952380953,0.5166666666666667,60,True,True
qwen3b_undefended,probe,union,host_kept,0.02,105,1,0.002277966299133356,0,105,0.0,0.0,0.035295328256842964,0.0,0.0,0.01898095238095238,0.00018750391956868,0.06666666666666667,0.242,0.9753552380952382,0.9904761904761905,0.9904761904761905,1.0,60,True,True
qwen3b_undefended,probe,union,host_kept,0.05,105,4,0.006832022613655826,1,105,0.009523809523809525,0.001683125905052792,0.051987529432612214,0.0,0.030927835051546393,0.047279047619047616,0.0002951733583189798,0.11428571428571428,0.1069,0.937577142857143,0.9809523809523809,0.9523809523809523,0.5166666666666667,60,True,True
qwen3b_undefended,probe,union,host_kept,0.1,105,9,0.016183217259437246,9,105,0.08571428571428572,0.045748960070996485,0.1549243119132448,0.03959425354300136,0.1414141414141414,0.09363809523809524,0.0004047336908732575,0.18095238095238095,0.5524,0.8743000000000002,0.8952380952380953,0.8666666666666667,0.5166666666666667,60,True,True
qwen3b_undefended,form,logged,paper,0.02,105,0,0.0,0,105,0.0,0.0,0.035295328256842964,0.0,0.0,0.0,0.0,0.0,1.0,1.0,1.0,1.0,1.0,60,True,True
qwen3b_undefended,form,logged,paper,0.05,105,0,0.0,0,105,0.0,0.0,0.035295328256842964,0.0,0.0,0.0,0.0,0.0,1.0,1.0,1.0,1.0,1.0,60,True,True
qwen3b_undefended,form,logged,paper,0.1,105,0,0.0,0,105,0.0,0.0,0.035295328256842964,0.0,0.0,0.0,0.0,0.0,1.0,1.0,1.0,1.0,1.0,60,True,True
qwen3b_undefended,form,fixed13,paper,0.02,105,0,0.0,0,105,0.0,0.0,0.035295328256842964,0.0,0.0,0.0,0.0,0.0,1.0,1.0,1.0,1.0,1.0,60,True,True
qwen3b_undefended,form,fixed13,paper,0.05,105,0,0.0,0,105,0.0,0.0,0.035295328256842964,0.0,0.0,0.0,0.0,0.0,1.0,1.0,1.0,1.0,1.0,60,True,True
qwen3b_undefended,form,fixed13,paper,0.1,105,0,0.0,0,105,0.0,0.0,0.035295328256842964,0.0,0.0,5.9047619047619046e-05,4.175088393190929e-05,0.0,0.9998,0.9998,1.0,1.0,1.0,60,True,True
qwen3b_undefended,form,fixed13,host_kept,0.02,105,0,0.0,0,105,0.0,0.0,0.035295328256842964,0.0,0.0,0.0,0.0,0.0,1.0,1.0,1.0,1.0,1.0,60,True,True
qwen3b_undefended,form,fixed13,host_kept,0.05,105,0,0.0,0,105,0.0,0.0,0.035295328256842964,0.0,0.0,0.0,0.0,0.0,1.0,1.0,1.0,1.0,1.0,60,True,True
qwen3b_undefended,form,fixed13,host_kept,0.1,105,0,0.0,0,105,0.0,0.0,0.035295328256842964,0.0,0.0,0.004266666666666666,0.00028602519527788184,0.0,0.9782,0.9782,1.0,1.0,1.0,60,True,True
qwen3b_undefended,form,union,paper,0.02,105,0,0.0,0,105,0.0,0.0,0.035295328256842964,0.0,0.0,0.0,0.0,0.0,1.0,1.0,1.0,1.0,1.0,60,True,True
qwen3b_undefended,form,union,paper,0.05,105,0,0.0,0,105,0.0,0.0,0.035295328256842964,0.0,0.0,0.0,0.0,0.0,1.0,1.0,1.0,1.0,1.0,60,True,True
qwen3b_undefended,form,union,paper,0.1,105,0,0.0,0,105,0.0,0.0,0.035295328256842964,0.0,0.0,0.0,0.0,0.0,1.0,1.0,1.0,1.0,1.0,60,True,True
qwen3b_undefended,form,union,host_kept,0.02,105,0,0.0,0,105,0.0,0.0,0.035295328256842964,0.0,0.0,0.0,0.0,0.0,1.0,1.0,1.0,1.0,1.0,60,True,True
qwen3b_undefended,form,union,host_kept,0.05,105,0,0.0,0,105,0.0,0.0,0.035295328256842964,0.0,0.0,0.0,0.0,0.0,1.0,1.0,1.0,1.0,1.0,60,True,True
qwen3b_undefended,form,union,host_kept,0.1,105,0,0.0,0,105,0.0,0.0,0.035295328256842964,0.0,0.0,0.0,0.0,0.0,1.0,1.0,1.0,1.0,1.0,60,True,True
qwen3b_undefended,judge2,logged,paper,0.02,105,1,-5.121542453765869,2,105,0.01904761904761905,0.005239072265250377,0.06680691015323667,0.0,0.06187177835051545,0.018590476190476192,0.00018578207621472925,0.06666666666666667,0.6936,0.8073847619047619,0.7714285714285715,0.8,1.0,60,True,True
qwen3b_undefended,judge2,logged,paper,0.05,105,4,-4.7378249168396,4,105,0.0380952380952381,0.014912218047781598,0.09388441853234951,0.0,0.090929941618015,0.047020000000000006,0.0002916165151536303,0.11428571428571428,0.5006,0.6277257142857142,0.6095238095238096,0.6476190476190476,1.0,60,True,True
qwen3b_undefended,judge2,logged,paper,0.1,105,9,-4.357114315032959,11,105,0.10476190476190476,0.059510259416906686,0.17791366672897868,0.04715879033680127,0.18273665048543683,0.09401714285714285,0.00039996290568186573,0.18095238095238095,0.6826,0.4808885714285714,0.42857142857142855,0.5047619047619047,0.48333333333333334,60,True,True
qwen3b_undefended,judge2,fixed13,paper,0.02,105,1,-4.7378249168396,6,105,0.05714285714285714,0.026449273928096855,0.11909801681367835,0.008693778110944527,0.12371379479626902,0.01849619047619048,0.00017963690665990785,0.06666666666666667,0.9674,0.7625809523809525,0.6095238095238096,0.6476190476190476,1.0,60,False,True
qwen3b_undefended,judge2,fixed13,paper,0.05,105,4,-4.556005477905273,8,105,0.0761904761904762,0.03911018406047028,0.14318776084294899,0.018336336828309308,0.15151515151515152,0.046714285714285715,0.00029195897533507045,0.11428571428571428,0.879,0.618502857142857,0.5619047619047619,0.580952380952381,0.48333333333333334,60,True,True
qwen3b_undefended,judge2,fixed13,paper,0.1,105,9,-4.378769874572754,13,105,0.12380952380952381,0.07380094170864485,0.2003736385988846,0.057692307692307696,0.2021715554637471,0.09422666666666668,0.0003968430731708083,0.18095238095238095,0.8173,0.5109790476190477,0.45714285714285713,0.5428571428571428,0.48333333333333334,60,True,True
qwen3b_undefended,judge2,fixed13,host_kept,0.02,105,1,-4.618376731872559,4,105,0.0380952380952381,0.014912218047781598,0.09388441853234951,0.0,0.09011056511056509,0.018643809523809524,0.00018291098158576644,0.06666666666666667,0.896,0.7028219047619048,0.6,0.6,1.0,60,True,True
qwen3b_undefended,judge2,fixed13,host_kept,0.05,105,4,-4.476883411407471,6,105,0.05714285714285714,0.026449273928096855,0.11909801681367835,0.01708683473389356,0.11650485436893204,0.04678571428571429,0.00028765934825832474,0.11428571428571428,0.7366,0.54014,0.49523809523809526,0.5523809523809524,0.48333333333333334,60,True,True
qwen3b_undefended,judge2,fixed13,host_kept,0.1,105,9,-4.112873554229736,12,105,0.11428571428571428,0.06659636239485518,0.18920289083185224,0.05554029304029304,0.18019695227142032,0.09439619047619048,0.0004002306758344355,0.18095238095238095,0.7518,0.4140361904761905,0.34285714285714286,0.41904761904761906,0.48333333333333334,60,True,True
qwen3b_undefended,judge2,union,paper,0.02,105,1,-5.243232250213623,2,105,0.01904761904761905,0.005239072265250377,0.06680691015323667,0.0,0.06187177835051545,0.018680952380952378,0.000185428273770959,0.06666666666666667,0.6907,0.8256485714285714,0.7904761904761904,0.819047619047619,1.0,60,True,True
qwen3b_undefended,judge2,union,paper,0.05,105,4,-4.930163383483887,5,105,0.047619047619047616,0.020508863227294703,0.10666310043365844,0.008472795898020226,0.10476190476190476,0.046571428571428576,0.0002873005177372337,0.11428571428571428,0.6268,0.7004961904761905,0.6857142857142857,0.7142857142857143,1.0,60,True,True
qwen3b_undefended,judge2,union,paper,0.1,105,9,-4.496804714202881,11,105,0.10476190476190476,0.059510259416906686,0.17791366672897868,0.03845238095238095,0.1808752417794971,0.0940904761904762,0.00039559140927035864,0.18095238095238095,0.6725,0.5778361904761904,0.5619047619047619,0.580952380952381,0.48333333333333334,60,True,True
qwen3b_undefended,judge2,union,host_kept,0.02,105,1,-5.121542453765869,2,105,0.01904761904761905,0.005239072265250377,0.06680691015323667,0.0,0.06187177835051545,0.018689523809523812,0.00018642767540845784,0.06666666666666667,0.6936,0.8161790476190477,0.7714285714285715,0.8,1.0,60,True,True
qwen3b_undefended,judge2,union,host_kept,0.05,105,4,-4.7378249168396,5,105,0.047619047619047616,0.020508863227294703,0.10666310043365844,0.009005022721836882,0.10282798448245457,0.04694476190476191,0.0002925613064515965,0.11428571428571428,0.6259,0.6515438095238094,0.6095238095238096,0.6476190476190476,1.0,60,True,True
qwen3b_undefended,judge2,union,host_kept,0.1,105,9,-4.357114315032959,14,105,0.13333333333333333,0.08111317960230989,0.21143672778604158,0.07272727272727272,0.2115530303030303,0.09419333333333334,0.0004011077596680667,0.18095238095238095,0.8658,0.5093333333333332,0.42857142857142855,0.5047619047619047,0.48333333333333334,60,True,True
qwen3b_undefended,learned_all,logged,paper,0.02,65,0,0.0370880994220174,1,105,0.009523809523809525,0.001683125905052792,0.051987529432612214,0.0,0.030927835051546393,0.015080000000000001,0.00018787832226219576,0.06666666666666667,0.6198,0.9395923809523811,0.9809523809523809,1.0,1.0,60,True,True
qwen3b_undefended,learned_all,logged,paper,0.05,65,2,0.125268128780999,5,105,0.047619047619047616,0.020508863227294703,0.10666310043365844,0.009429594689028651,0.1,0.045366666666666666,0.00032695317582235174,0.12380952380952381,0.6567,0.6549952380952381,0.5714285714285714,0.6461538461538462,1.0,60,True,True
qwen3b_undefended,learned_all,logged,paper,0.1,65,5,0.21202205831635368,12,105,0.11428571428571428,0.06659636239485518,0.18920289083185224,0.05504587155963303,0.18351073305424423,0.09097904761904761,0.0004481154902827499,0.19047619047619047,0.7616,0.3425609523809524,0.24761904761904763,0.3076923076923077,1.0,60,True,True
qwen3b_undefended,learned_all,fixed13,paper,0.02,65,0,0.14870957315719036,5,105,0.047619047619047616,0.020508863227294703,0.10666310043365844,0.01030407164427783,0.08823529411764706,0.015296190476190477,0.0001959213592663339,0.06666666666666667,0.945,0.8528028571428573,0.4380952380952381,0.5384615384615384,1.0,60,False,True
qwen3b_undefended,learned_all,fixed13,paper,0.05,65,2,0.21202205831635368,6,105,0.05714285714285714,0.026449273928096855,0.11909801681367835,0.01904312668463612,0.09912162162162161,0.045718095238095245,0.00032740499172921925,0.12380952380952381,0.7352,0.40915904761904764,0.24761904761904763,0.3076923076923077,1.0,60,True,True
qwen3b_undefended,learned_all,fixed13,paper,0.1,65,5,0.33230020320627796,9,105,0.08571428571428572,0.045748960070996485,0.1549243119132448,0.02940462592804112,0.14545454545454545,0.09138380952380952,0.00045189215986170635,0.2,0.5447,0.08243904761904762,0.047619047619047616,0.07692307692307693,0.48333333333333334,60,True,True
qwen3b_undefended,learned_all,fixed13,host_kept,0.02,65,0,0.14870957315719036,4,105,0.0380952380952381,0.014912218047781598,0.09388441853234951,0.009172226855713094,0.07447554185722807,0.015287619047619048,0.000193170101263343,0.06666666666666667,0.9126,0.7785123809523811,0.4380952380952381,0.5384615384615384,1.0,60,True,True
qwen3b_undefended,learned_all,fixed13,host_kept,0.05,65,2,0.21202205831635368,5,105,0.047619047619047616,0.020508863227294703,0.10666310043365844,0.010638297872340425,0.0891089108910891,0.0459552380952381,0.00032852546023484815,0.12380952380952381,0.6428,0.3344457142857143,0.24761904761904763,0.3076923076923077,1.0,60,True,True
qwen3b_undefended,learned_all,fixed13,host_kept,0.1,65,5,0.33230020320627796,8,105,0.0761904761904762,0.03911018406047028,0.14318776084294899,0.02104177970699946,0.13636363636363635,0.09169238095238096,0.0004547753466703587,0.2,0.4545,0.06027333333333333,0.047619047619047616,0.07692307692307693,0.48333333333333334,60,True,True
qwen3b_undefended,learned_all,union,paper,0.02,65,0,0.0370880994220174,1,105,0.009523809523809525,0.001683125905052792,0.051987529432612214,0.0,0.030927835051546393,0.015119047619047617,0.00018914626630549592,0.06666666666666667,0.6198,0.9627257142857143,0.9809523809523809,1.0,1.0,60,True,True
qwen3b_undefended,learned_all,union,paper,0.05,65,2,0.125268128780999,8,105,0.0761904761904762,0.03911018406047028,0.14318776084294899,0.02172196796338673,0.1414141414141414,0.045489523809523806,0.0003260729751179548,0.12380952380952381,0.8644,0.7726857142857144,0.5714285714285714,0.6461538461538462,1.0,60,True,True
qwen3b_undefended,learned_all,union,paper,0.1,65,5,0.17430910654934273,12,105,0.11428571428571428,0.06659636239485518,0.18920289083185224,0.050502928444104915,0.1875154702970297,0.09082285714285712,0.00044968827207845596,0.19071428571428223,0.7585,0.4793285714285714,0.3619047619047619,0.4461538461538462,1.0,60,True,True
qwen3b_undefended,learned_all,union,host_kept,0.02,65,0,0.0370880994220174,1,105,0.009523809523809525,0.001683125905052792,0.051987529432612214,0.0,0.030927835051546393,0.015138095238095239,0.00019025675047413846,0.06666666666666667,0.6198,0.9473600000000001,0.9809523809523809,1.0,1.0,60,True,True
qwen3b_undefended,learned_all,union,host_kept,0.05,65,2,0.125268128780999,7,105,0.06666666666666667,0.032665468928650555,0.13125714889394666,0.018863516134720506,0.12624452693698837,0.04565142857142857,0.0003258574888304026,0.12380952380952381,0.8114,0.7302228571428571,0.5714285714285714,0.6461538461538462,1.0,60,True,True
qwen3b_undefended,learned_all,union,host_kept,0.1,65,5,0.17430910654934273,11,105,0.10476190476190476,0.059510259416906686,0.17791366672897868,0.045861134278565474,0.18,0.0908847619047619,0.0004479610847934368,0.19047619047619047,0.6955,0.44703238095238096,0.3619047619047619,0.4461538461538462,1.0,60,True,True
qwen3b_undefended,learned_blind,logged,paper,0.02,65,0,0.15577745020345748,2,105,0.01904761904761905,0.005239072265250377,0.06680691015323667,0.0,0.046307113187954295,0.015381904761904763,0.00019414017720688307,0.06666666666666667,0.7667,0.9340104761904762,0.9333333333333333,0.8923076923076924,1.0,60,True,True
qwen3b_undefended,learned_blind,logged,paper,0.05,65,2,0.21800626281454694,6,105,0.05714285714285714,0.026449273928096855,0.11909801681367835,0.010309278350515464,0.11,0.045604761904761905,0.00032765436361614824,0.12380952380952381,0.7379,0.6622533333333332,0.6285714285714286,0.6,0.5166666666666667,60,True,True
qwen3b_undefended,learned_blind,logged,paper,0.1,65,5,0.30903019979555896,14,105,0.13333333333333333,0.08111317960230989,0.21143672778604158,0.05712938005390836,0.2200045871559633,0.09084,0.00044801556576626496,0.19047619047619047,0.8535,0.35975904761904764,0.22857142857142856,0.24615384615384617,0.0,60,True,True
qwen3b_undefended,learned_blind,fixed13,paper,0.02,65,0,0.21061843330581756,2,105,0.01904761904761905,0.005239072265250377,0.06680691015323667,0.0,0.047619047619047616,0.015380952380952379,0.00019135935061849436,0.06666666666666667,0.7628,0.7139771428571429,0.6857142857142857,0.6307692307692307,1.0,60,True,True
qwen3b_undefended,learned_blind,fixed13,paper,0.05,65,2,0.27974217493855885,8,105,0.0761904761904762,0.03911018406047028,0.14318776084294899,0.029985294117647058,0.12715168714041358,0.04555809523809523,0.00032263257609119357,0.12380952380952381,0.8691,0.44545428571428564,0.3047619047619048,0.4,0.0,60,True,True
qwen3b_undefended,learned_blind,fixed13,paper,0.1,65,5,0.3479958950648876,13,105,0.12380952380952381,0.07380094170864485,0.2003736385988846,0.06138357256778309,0.19387755102040816,0.09149142857142857,0.0004488438920351652,0.19047619047619047,0.8109,0.2276247619047619,0.10476190476190476,0.12307692307692308,0.0,60,True,True
qwen3b_undefended,learned_blind,fixed13,host_kept,0.02,65,0,0.21061843330581756,2,105,0.01904761904761905,0.005239072265250377,0.06680691015323667,0.0,0.047619047619047616,0.01547047619047619,0.00019196397321415826,0.06666666666666667,0.7628,0.7016285714285714,0.6857142857142857,0.6307692307692307,1.0,60,True,True
qwen3b_undefended,learned_blind,fixed13,host_kept,0.05,65,2,0.3039801571064253,8,105,0.0761904761904762,0.03911018406047028,0.14318776084294899,0.02856469002695418,0.13131313131313133,0.04564761904761905,0.00032442394635998024,0.12380952380952381,0.8621,0.3949914285714286,0.22857142857142856,0.24615384615384617,0.0,60,True,True
qwen3b_undefended,learned_blind,fixed13,host_kept,0.1,65,5,0.4185101623398361,14,105,0.13333333333333333,0.08111317960230989,0.21143672778604158,0.06420558798999167,0.21553471575023297,0.09145999999999999,0.00044898829730027857,0.19047619047619047,0.8499,0.1401152380952381,0.02857142857142857,0.07692307692307693,0.0,60,True,True
qwen3b_undefended,learned_blind,union,paper,0.02,65,0,0.15577745020345748,2,105,0.01904761904761905,0.005239072265250377,0.06680691015323667,0.0,0.046307113187954295,0.015397142857142856,0.00019396322183559223,0.06666666666666667,0.7667,0.9357352380952382,0.9333333333333333,0.8923076923076924,1.0,60,True,True
qwen3b_undefended,learned_blind,union,paper,0.05,65,2,0.21415696838809367,5,105,0.047619047619047616,0.020508863227294703,0.10666310043365844,0.009259259259259259,0.09523809523809523,0.04568952380952381,0.0003271083077797252,0.12380952380952381,0.6448,0.6900619047619048,0.6285714285714286,0.6307692307692307,1.0,60,True,True
qwen3b_undefended,learned_blind,union,paper,0.1,65,5,0.27974217493855885,14,105,0.13333333333333333,0.08111317960230989,0.21143672778604158,0.061224489795918366,0.21103055512361996,0.09114857142857143,0.00044842513642459646,0.19047619047619047,0.8568,0.47650952380952377,0.3047619047619048,0.4,0.0,60,True,True
qwen3b_undefended,learned_blind,union,host_kept,0.02,65,0,0.15577745020345748,2,105,0.01904761904761905,0.005239072265250377,0.06680691015323667,0.0,0.046307113187954295,0.015404761904761904,0.0001943839698100672,0.06666666666666667,0.7667,0.9355857142857144,0.9333333333333333,0.8923076923076924,1.0,60,True,True
qwen3b_undefended,learned_blind,union,host_kept,0.05,65,2,0.21415696838809367,5,105,0.047619047619047616,0.020508863227294703,0.10666310043365844,0.009259259259259259,0.09523809523809523,0.04571714285714286,0.00032842383283875683,0.12380952380952381,0.6448,0.6851380952380952,0.6285714285714286,0.6307692307692307,1.0,60,True,True
qwen3b_undefended,learned_blind,union,host_kept,0.1,65,5,0.29328613343416887,14,105,0.13333333333333333,0.08111317960230989,0.21143672778604158,0.061844366069813715,0.21101172273190621,0.09104666666666666,0.00044794136493126293,0.19047619047619047,0.8544,0.4450438095238095,0.26666666666666666,0.26153846153846155,0.0,60,True,True
qwen3b_v4,structural,logged,paper,0.02,105,1,0.999930739402771,0,105,0.0,0.0,0.035295328256842964,0.0,0.0,0.018165714285714285,0.00016763352354984252,0.05714285714285714,0.252,0.0,0.0,0.0,0.0,60,True,True
qwen3b_v4,structural,logged,paper,0.05,105,4,inf,3,105,0.02857142857142857,0.009763662138955605,0.08065764736035347,0.0,0.06365095913261049,0.03256380952380953,0.0001340615997767451,0.05714285714285714,0.5059,0.0,0.0,0.0,0.0,60,True,True
qwen3b_v4,structural,logged,paper,0.1,105,4,inf,3,105,0.02857142857142857,0.009763662138955605,0.08065764736035347,0.0,0.06365095913261049,0.03322,0.00012286913313521456,0.05714285714285714,0.5059,0.0,0.0,0.0,0.0,60,True,True
qwen3b_v4,structural,fixed13,paper,0.02,105,1,4.036194695800077e-06,2,105,0.01904761904761905,0.005239072265250377,0.06680691015323667,0.0,0.0480885922330097,0.01846,0.0001793575780788428,0.06666666666666667,0.6896,0.9997885714285714,1.0,1.0,1.0,60,True,True
qwen3b_v4,structural,fixed13,paper,0.05,105,4,4.526214070210699e-06,8,105,0.0761904761904762,0.03911018406047028,0.14318776084294899,0.017536297640653356,0.15153679653679653,0.04656857142857143,0.0002951535110699594,0.11428571428571428,0.9018,0.9924895238095239,1.0,0.9809523809523809,1.0,60,True,True
qwen3b_v4,structural,fixed13,paper,0.1,105,9,8.74863144417759e-06,14,105,0.13333333333333333,0.08111317960230989,0.21143672778604158,0.057463054187192115,0.22860714285714281,0.0947047619047619,0.00040083399862517215,0.18095238095238095,0.8612,0.7574657142857143,0.4857142857142857,0.4095238095238095,0.0,60,True,True
qwen3b_v4,structural,fixed13,host_kept,0.02,105,1,inf,2,105,0.01904761904761905,0.005239072265250377,0.06680691015323667,0.0,0.06382978723404255,0.013115238095238095,9.366279601903634e-05,0.02857142857142857,0.8789,0.2309733333333333,0.0,0.0,0.0,60,True,True
qwen3b_v4,structural,fixed13,host_kept,0.05,105,1,inf,2,105,0.01904761904761905,0.005239072265250377,0.06680691015323667,0.0,0.06382978723404255,0.014289523809523811,8.1687053256665e-05,0.02857142857142857,0.8789,0.0,0.0,0.0,0.0,60,True,True
qwen3b_v4,structural,fixed13,host_kept,0.1,105,1,inf,2,105,0.01904761904761905,0.005239072265250377,0.06680691015323667,0.0,0.06382978723404255,0.014289523809523811,8.1687053256665e-05,0.02857142857142857,0.8789,0.0,0.0,0.0,0.0,60,True,True
qwen3b_v4,structural,union,paper,0.02,105,1,4.036194695800077e-06,2,105,0.01904761904761905,0.005239072265250377,0.06680691015323667,0.0,0.0480885922330097,0.01846,0.0001793575780788428,0.06666666666666667,0.6896,0.9997885714285714,1.0,1.0,1.0,60,True,True
qwen3b_v4,structural,union,paper,0.05,105,4,4.526214070210699e-06,8,105,0.0761904761904762,0.03911018406047028,0.14318776084294899,0.017536297640653356,0.15153679653679653,0.04655238095238095,0.00029414559618497134,0.11428571428571428,0.9018,0.9925790476190476,1.0,0.9809523809523809,1.0,60,True,True
qwen3b_v4,structural,union,paper,0.1,105,9,8.74863144417759e-06,14,105,0.13333333333333333,0.08111317960230989,0.21143672778604158,0.057463054187192115,0.22860714285714281,0.09470095238095237,0.00040096246496937993,0.18095238095238095,0.8612,0.7626904761904764,0.4857142857142857,0.4095238095238095,0.0,60,True,True
qwen3b_v4,structural,union,host_kept,0.02,105,1,0.9974095225334167,2,105,0.01904761904761905,0.005239072265250377,0.06680691015323667,0.0,0.06382978723404255,0.018658095238095238,0.00017849912105189023,0.06666666666666667,0.6919,0.3338247619047619,0.0,0.0,0.0,60,True,True
qwen3b_v4,structural,union,host_kept,0.05,105,4,0.999988317489624,3,105,0.02857142857142857,0.009763662138955605,0.08065764736035347,0.0,0.07764655172413788,0.0392,0.000178618933352973,0.06666666666666667,0.367,0.0,0.0,0.0,0.0,60,True,True
qwen3b_v4,structural,union,host_kept,0.1,105,5,inf,4,105,0.0380952380952381,0.014912218047781598,0.09388441853234951,0.0,0.090929941618015,0.04274476190476191,0.00013886071415273983,0.06666666666666667,0.5025,0.0,0.0,0.0,0.0,60,True,True
qwen3b_v4,protectai,logged,paper,0.02,105,1,0.003772278083488345,1,105,0.009523809523809525,0.001683125905052792,0.051987529432612214,0.0,0.03158734602463605,0.01826190476190476,0.00016741336813456379,0.05714285714285714,0.4966,0.48708190476190477,0.8571428571428571,0.7333333333333333,0.0,60,True,True
qwen3b_v4,protectai,logged,paper,0.05,105,4,inf,3,105,0.02857142857142857,0.009763662138955605,0.08065764736035347,0.0,0.06365095913261049,0.03256952380952381,0.0001339430195491613,0.05714285714285714,0.5059,0.00465904761904762,0.0,0.0,0.0,60,True,True
qwen3b_v4,protectai,logged,paper,0.1,105,4,inf,3,105,0.02857142857142857,0.009763662138955605,0.08065764736035347,0.0,0.06365095913261049,0.03322,0.00012286913313521456,0.05714285714285714,0.5059,0.0,0.0,0.0,0.0,60,True,True
qwen3b_v4,protectai,fixed13,paper,0.02,105,1,1.3080367580187158e-06,2,105,0.01904761904761905,0.005239072265250377,0.06680691015323667,0.0,0.0631746920492721,0.01821904761904762,0.00018733161211086625,0.06666666666666667,0.776,0.998812380952381,1.0,1.0,0.48333333333333334,60,True,True
qwen3b_v4,protectai,fixed13,paper,0.05,105,4,0.0025575333274900913,8,105,0.0761904761904762,0.03911018406047028,0.14318776084294899,0.017857142857142856,0.15151515151515152,0.04773333333333333,0.00029388334645336935,0.11428571428571428,0.8714,0.9101609523809524,0.8857142857142857,0.7904761904761904,0.0,60,True,True
qwen3b_v4,protectai,fixed13,paper,0.1,105,9,0.9842889904975891,13,105,0.12380952380952381,0.07380094170864485,0.2003736385988846,0.05712938005390836,0.2043217535153019,0.09449809523809523,0.0004028205733167482,0.18095238095238095,0.807,0.18432857142857142,0.12380952380952381,0.05714285714285714,0.0,60,True,True
qwen3b_v4,protectai,fixed13,host_kept,0.02,105,1,inf,2,105,0.01904761904761905,0.005239072265250377,0.06680691015323667,0.0,0.06382978723404255,0.013115238095238095,9.366279601903634e-05,0.02857142857142857,0.8789,0.012105714285714286,0.0,0.0,0.0,60,True,True
qwen3b_v4,protectai,fixed13,host_kept,0.05,105,1,inf,2,105,0.01904761904761905,0.005239072265250377,0.06680691015323667,0.0,0.06382978723404255,0.014289523809523811,8.1687053256665e-05,0.02857142857142857,0.8789,0.0,0.0,0.0,0.0,60,True,True
qwen3b_v4,protectai,fixed13,host_kept,0.1,105,1,inf,2,105,0.01904761904761905,0.005239072265250377,0.06680691015323667,0.0,0.06382978723404255,0.014289523809523811,8.1687053256665e-05,0.02857142857142857,0.8789,0.0,0.0,0.0,0.0,60,True,True
qwen3b_v4,protectai,union,paper,0.02,105,1,1.3080367580187158e-06,2,105,0.01904761904761905,0.005239072265250377,0.06680691015323667,0.0,0.0631746920492721,0.01821142857142857,0.00018682879226699349,0.06666666666666667,0.776,0.9995352380952381,1.0,1.0,0.48333333333333334,60,True,True
qwen3b_v4,protectai,union,paper,0.05,105,4,0.0019123671809211373,9,105,0.08571428571428572,0.045748960070996485,0.1549243119132448,0.02104177970699946,0.16166666666666663,0.04762952380952381,0.00029066239516650614,0.11428571428571428,0.9164,0.9606923809523811,0.9238095238095239,0.8476190476190476,0.0,60,True,True
qwen3b_v4,protectai,union,paper,0.1,105,9,0.26015210151672363,10,105,0.09523809523809523,0.052555742983156815,0.1664928560819065,0.029688551379409785,0.1730978260869565,0.09478095238095238,0.00040212450309553416,0.18095238095238095,0.5947,0.37961619047619044,0.23809523809523808,0.19047619047619047,0.0,60,True,True
qwen3b_v4,protectai,union,host_kept,0.02,105,1,0.003772278083488345,2,105,0.01904761904761905,0.005239072265250377,0.06680691015323667,0.0,0.05053108403623865,0.0187,0.00017871092613507496,0.06666666666666667,0.6871,0.6539580952380953,0.8571428571428571,0.7333333333333333,0.0,60,True,True
qwen3b_v4,protectai,union,host_kept,0.05,105,4,0.9999493360519409,3,105,0.02857142857142857,0.009763662138955605,0.08065764736035347,0.0,0.07764655172413788,0.03922285714285714,0.0001785538514090377,0.06666666666666667,0.367,0.021507619047619046,0.02857142857142857,0.02857142857142857,0.0,60,True,True
qwen3b_v4,protectai,union,host_kept,0.1,105,5,inf,4,105,0.0380952380952381,0.014912218047781598,0.09388441853234951,0.0,0.090929941618015,0.04274476190476191,0.00013886071415273983,0.06666666666666667,0.5025,0.0,0.0,0.0,0.0,60,True,True
qwen3b_v4,promptguard2,logged,paper,0.02,105,1,0.0013155050110071898,0,105,0.0,0.0,0.035295328256842964,0.0,0.0,0.018025714285714287,0.00016635049736751925,0.05714285714285714,0.2479,0.5532895238095238,0.6476190476190476,0.6857142857142857,0.0,60,True,True
qwen3b_v4,promptguard2,logged,paper,0.05,105,4,inf,3,105,0.02857142857142857,0.009763662138955605,0.08065764736035347,0.0,0.06365095913261049,0.032574285714285715,0.0001337559680831946,0.05714285714285714,0.5059,0.04761523809523809,0.0,0.0,0.0,60,True,True
qwen3b_v4,promptguard2,logged,paper,0.1,105,4,inf,3,105,0.02857142857142857,0.009763662138955605,0.08065764736035347,0.0,0.06365095913261049,0.03322,0.00012286913313521456,0.05714285714285714,0.5059,0.0,0.0,0.0,0.0,60,True,True
qwen3b_v4,promptguard2,fixed13,paper,0.02,105,1,0.00039366711280308664,1,105,0.009523809523809525,0.001683125905052792,0.051987529432612214,0.0,0.033707865168539325,0.016239999999999997,0.00018923135484856104,0.06666666666666667,0.6835,0.9999133333333333,1.0,1.0,1.0,60,True,True
qwen3b_v4,promptguard2,fixed13,paper,0.05,105,4,0.0006986254011280835,8,105,0.0761904761904762,0.03911018406047028,0.14318776084294899,0.02585654288240495,0.1414502164502164,0.047696190476190475,0.0002953363281984936,0.11428571428571428,0.8696,0.9910238095238095,1.0,0.9904761904761905,0.0,60,True,True
qwen3b_v4,promptguard2,fixed13,paper,0.1,105,9,0.0011215449776500463,13,105,0.12380952380952381,0.07380094170864485,0.2003736385988846,0.05318913575597816,0.20954887218045112,0.09440095238095238,0.0003987181990973462,0.18095238095238095,0.8137,0.8596028571428573,0.7619047619047619,0.7238095238095238,0.0,60,True,True
qwen3b_v4,promptguard2,fixed13,host_kept,0.02,105,1,inf,2,105,0.01904761904761905,0.005239072265250377,0.06680691015323667,0.0,0.06382978723404255,0.013115238095238095,9.366279601903634e-05,0.02857142857142857,0.8789,0.37574285714285716,0.0,0.0,0.0,60,True,True
qwen3b_v4,promptguard2,fixed13,host_kept,0.05,105,1,inf,2,105,0.01904761904761905,0.005239072265250377,0.06680691015323667,0.0,0.06382978723404255,0.014289523809523811,8.1687053256665e-05,0.02857142857142857,0.8789,0.0,0.0,0.0,0.0,60,True,True
qwen3b_v4,promptguard2,fixed13,host_kept,0.1,105,1,inf,2,105,0.01904761904761905,0.005239072265250377,0.06680691015323667,0.0,0.06382978723404255,0.014289523809523811,8.1687053256665e-05,0.02857142857142857,0.8789,0.0,0.0,0.0,0.0,60,True,True
qwen3b_v4,promptguard2,union,paper,0.02,105,1,0.00039366711280308664,1,105,0.009523809523809525,0.001683125905052792,0.051987529432612214,0.0,0.033707865168539325,0.016235238095238094,0.00018893883109893857,0.06666666666666667,0.6835,0.9999333333333332,1.0,1.0,1.0,60,True,True
qwen3b_v4,promptguard2,union,paper,0.05,105,4,0.0006986254011280835,8,105,0.0761904761904762,0.03911018406047028,0.14318776084294899,0.02585654288240495,0.1414502164502164,0.04764,0.000293706414177479,0.11428571428571428,0.8696,0.9924809523809525,1.0,0.9904761904761905,0.0,60,True,True
qwen3b_v4,promptguard2,union,paper,0.1,105,9,0.0008470336906611919,8,105,0.0761904761904762,0.03911018406047028,0.14318776084294899,0.02585654288240495,0.1414502164502164,0.09471523809523809,0.00039982590831516877,0.18095238095238095,0.4014,0.8828342857142858,0.9333333333333333,0.9238095238095239,0.0,60,True,True
qwen3b_v4,promptguard2,union,host_kept,0.02,105,1,0.0013155050110071898,2,105,0.01904761904761905,0.005239072265250377,0.06680691015323667,0.0,0.06382978723404255,0.018585714285714285,0.0001784767733866069,0.06666666666666667,0.6916,0.7610752380952381,0.6476190476190476,0.6857142857142857,0.0,60,True,True
qwen3b_v4,promptguard2,union,host_kept,0.05,105,4,0.0016489874105900526,3,105,0.02857142857142857,0.009763662138955605,0.08065764736035347,0.0,0.07529185867895544,0.03934666666666666,0.00017749277697639405,0.06666666666666667,0.3598,0.2749371428571429,0.5714285714285714,0.5904761904761905,0.0,60,True,True
qwen3b_v4,promptguard2,union,host_kept,0.1,105,5,inf,4,105,0.0380952380952381,0.014912218047781598,0.09388441853234951,0.0,0.090929941618015,0.04274476190476191,0.00013886071415273983,0.06666666666666667,0.5025,0.0,0.0,0.0,0.0,60,True,True
qwen3b_v4,probe,logged,paper,0.02,105,1,0.9982006829390326,0,105,0.0,0.0,0.035295328256842964,0.0,0.0,0.01815047619047619,0.00016657772547188341,0.05714285714285714,0.2506,0.0,0.0,0.0,0.0,60,True,True
qwen3b_v4,probe,logged,paper,0.05,105,4,inf,3,105,0.02857142857142857,0.009763662138955605,0.08065764736035347,0.0,0.06365095913261049,0.03256,0.0001340120331841513,0.05714285714285714,0.5059,0.0,0.0,0.0,0.0,60,True,True
qwen3b_v4,probe,logged,paper,0.1,105,4,inf,3,105,0.02857142857142857,0.009763662138955605,0.08065764736035347,0.0,0.06365095913261049,0.03322,0.00012286913313521456,0.05714285714285714,0.5059,0.0,0.0,0.0,0.0,60,True,True
qwen3b_v4,probe,fixed13,paper,0.02,105,1,0.021968356970224392,4,105,0.0380952380952381,0.014912218047781598,0.09388441853234951,0.00909090909090909,0.07692307692307693,0.019179047619047616,0.00018799332259864426,0.06666666666666667,0.8908,0.9153104761904762,0.8380952380952381,0.780952380952381,0.5166666666666667,60,True,True
qwen3b_v4,probe,fixed13,paper,0.05,105,4,0.036570173978640416,8,105,0.0761904761904762,0.03911018406047028,0.14318776084294899,0.027516680567139285,0.13763175873511613,0.04683428571428572,0.0002862013833803193,0.11428571428571428,0.8731,0.7396838095238096,0.7619047619047619,0.6666666666666666,0.0,60,True,True
qwen3b_v4,probe,fixed13,paper,0.1,105,9,0.2625936813818952,14,105,0.13333333333333333,0.08111317960230989,0.21143672778604158,0.06183989059541343,0.2222222222222222,0.09454476190476191,0.00040166184091588113,0.1811904761904727,0.8568,0.3203580952380952,0.20952380952380953,0.10476190476190476,0.0,60,True,True
qwen3b_v4,probe,fixed13,host_kept,0.02,105,1,inf,2,105,0.01904761904761905,0.005239072265250377,0.06680691015323667,0.0,0.06382978723404255,0.013115238095238095,9.366279601903634e-05,0.02857142857142857,0.8789,0.008266666666666665,0.0,0.0,0.0,60,True,True
qwen3b_v4,probe,fixed13,host_kept,0.05,105,1,inf,2,105,0.01904761904761905,0.005239072265250377,0.06680691015323667,0.0,0.06382978723404255,0.014289523809523811,8.1687053256665e-05,0.02857142857142857,0.8789,0.0,0.0,0.0,0.0,60,True,True
qwen3b_v4,probe,fixed13,host_kept,0.1,105,1,inf,2,105,0.01904761904761905,0.005239072265250377,0.06680691015323667,0.0,0.06382978723404255,0.014289523809523811,8.1687053256665e-05,0.02857142857142857,0.8789,0.0,0.0,0.0,0.0,60,True,True
qwen3b_v4,probe,union,paper,0.02,105,1,0.021968356970224392,4,105,0.0380952380952381,0.014912218047781598,0.09388441853234951,0.00909090909090909,0.07692307692307693,0.019179047619047616,0.00018799332259864426,0.06666666666666667,0.8908,0.9153104761904762,0.8380952380952381,0.780952380952381,0.5166666666666667,60,True,True
qwen3b_v4,probe,union,paper,0.05,105,4,0.036570173978640416,8,105,0.0761904761904762,0.03911018406047028,0.14318776084294899,0.027516680567139285,0.13763175873511613,0.04683428571428572,0.0002862013833803193,0.11428571428571428,0.8731,0.7396838095238096,0.7619047619047619,0.6666666666666666,0.0,60,True,True
qwen3b_v4,probe,union,paper,0.1,105,9,0.2625936813818952,14,105,0.13333333333333333,0.08111317960230989,0.21143672778604158,0.06183989059541343,0.2222222222222222,0.09455523809523808,0.0004020823521446128,0.1811904761904727,0.8568,0.3203580952380952,0.20952380952380953,0.10476190476190476,0.0,60,True,True
qwen3b_v4,probe,union,host_kept,0.02,105,1,0.9980843358720976,2,105,0.01904761904761905,0.005239072265250377,0.06680691015323667,0.0,0.06382978723404255,0.01869619047619048,0.000177865580949013,0.06666666666666667,0.6859,0.008266666666666665,0.0,0.0,0.0,60,True,True
qwen3b_v4,probe,union,host_kept,0.05,105,4,0.9999999990507009,4,105,0.0380952380952381,0.014912218047781598,0.09388441853234951,0.0,0.090929941618015,0.03921809523809524,0.00017884365853177372,0.06666666666666667,0.5025,0.0,0.0,0.0,0.0,60,True,True
qwen3b_v4,probe,union,host_kept,0.1,105,5,inf,4,105,0.0380952380952381,0.014912218047781598,0.09388441853234951,0.0,0.090929941618015,0.04274476190476191,0.00013886071415273983,0.06666666666666667,0.5025,0.0,0.0,0.0,0.0,60,True,True
qwen3b_v4,form,logged,paper,0.02,105,0,1.0,2,105,0.01904761904761905,0.005239072265250377,0.06680691015323667,0.0,0.05053108403623865,0.011889523809523808,0.00013096143790854468,0.05714285714285714,0.943,0.2505,0.0,0.0,0.0,60,True,True
qwen3b_v4,form,logged,paper,0.05,105,4,inf,3,105,0.02857142857142857,0.009763662138955605,0.08065764736035347,0.0,0.06365095913261049,0.030606666666666667,0.00016272409609692113,0.05714285714285714,0.5059,0.0,0.0,0.0,0.0,60,True,True
qwen3b_v4,form,logged,paper,0.1,105,4,inf,3,105,0.02857142857142857,0.009763662138955605,0.08065764736035347,0.0,0.06365095913261049,0.03322,0.00012286913313521456,0.05714285714285714,0.5059,0.0,0.0,0.0,0.0,60,True,True
qwen3b_v4,form,fixed13,paper,0.02,105,0,0.0,0,105,0.0,0.0,0.035295328256842964,0.0,0.0,0.0,0.0,0.0,1.0,1.0,1.0,1.0,1.0,60,True,True
qwen3b_v4,form,fixed13,paper,0.05,105,0,0.0,0,105,0.0,0.0,0.035295328256842964,0.0,0.0,0.0017752380952380954,0.00015548392957205414,0.0,0.987,0.987,1.0,1.0,1.0,60,True,True
qwen3b_v4,form,fixed13,paper,0.1,105,7,1.0,11,105,0.10476190476190476,0.059510259416906686,0.17791366672897868,0.03157072368421053,0.19806930693069302,0.05918380952380952,0.0004972441190443853,0.12380952380952381,0.8894,0.401,0.0,0.0,0.0,60,True,True
qwen3b_v4,form,fixed13,host_kept,0.02,105,1,inf,2,105,0.01904761904761905,0.005239072265250377,0.06680691015323667,0.0,0.06382978723404255,0.010696190476190475,0.00011058620212701997,0.02857142857142857,0.8789,0.499,0.0,0.0,0.0,60,True,True
qwen3b_v4,form,fixed13,host_kept,0.05,105,1,inf,2,105,0.01904761904761905,0.005239072265250377,0.06680691015323667,0.0,0.06382978723404255,0.014289523809523811,8.1687053256665e-05,0.02857142857142857,0.8789,0.0,0.0,0.0,0.0,60,True,True
qwen3b_v4,form,fixed13,host_kept,0.1,105,1,inf,2,105,0.01904761904761905,0.005239072265250377,0.06680691015323667,0.0,0.06382978723404255,0.014289523809523811,8.1687053256665e-05,0.02857142857142857,0.8789,0.0,0.0,0.0,0.0,60,True,True
qwen3b_v4,form,union,paper,0.02,105,0,0.0,0,105,0.0,0.0,0.035295328256842964,0.0,0.0,0.0,0.0,0.0,1.0,1.0,1.0,1.0,1.0,60,True,True
qwen3b_v4,form,union,paper,0.05,105,0,0.0,0,105,0.0,0.0,0.035295328256842964,0.0,0.0,0.0011142857142857141,0.00012655876495318316,0.0,0.9923,0.9923,1.0,1.0,1.0,60,True,True
qwen3b_v4,form,union,paper,0.1,105,7,1.0,12,105,0.11428571428571428,0.06659636239485518,0.18920289083185224,0.03882561613144137,0.20523809523809514,0.053534285714285715,0.000539758464539884,0.13333333333333333,0.924,0.4977,0.0,0.0,0.0,60,True,True
qwen3b_v4,form,union,host_kept,0.02,105,1,1.0,3,105,0.02857142857142857,0.009763662138955605,0.08065764736035347,0.0,0.07764655172413788,0.01008,0.00016349039036195993,0.0380952380952381,0.9323,0.6925,0.0,0.0,0.0,60,True,True
qwen3b_v4,form,union,host_kept,0.05,105,1,1.0,3,105,0.02857142857142857,0.009763662138955605,0.08065764736035347,0.0,0.07764655172413788,0.033959047619047625,0.00021632677578701067,0.06666666666666667,0.5004,0.0,0.0,0.0,0.0,60,True,True
qwen3b_v4,form,union,host_kept,0.1,105,5,inf,4,105,0.0380952380952381,0.014912218047781598,0.09388441853234951,0.0,0.090929941618015,0.04274476190476191,0.00013886071415273983,0.06666666666666667,0.5025,0.0,0.0,0.0,0.0,60,True,True
qwen3b_v4,judge2,logged,paper,0.02,105,1,-4.492105484008789,0,105,0.0,0.0,0.035295328256842964,0.0,0.0,0.01809142857142857,0.00016662655143337242,0.05714285714285714,0.252,0.3104609523809524,0.4857142857142857,0.5904761904761905,0.48333333333333334,60,True,True
qwen3b_v4,judge2,logged,paper,0.05,105,4,inf,3,105,0.02857142857142857,0.009763662138955605,0.08065764736035347,0.0,0.06365095913261049,0.03259619047619047,0.00013350348804581704,0.05714285714285714,0.5059,0.019976190476190477,0.0,0.0,0.0,60,True,True
qwen3b_v4,judge2,logged,paper,0.1,105,4,inf,3,105,0.02857142857142857,0.009763662138955605,0.08065764736035347,0.0,0.06365095913261049,0.03322,0.00012286913313521456,0.05714285714285714,0.5059,0.0,0.0,0.0,0.0,60,True,True
qwen3b_v4,judge2,fixed13,paper,0.02,105,1,-4.743347644805908,2,105,0.01904761904761905,0.005239072265250377,0.06680691015323667,0.0,0.0480885922330097,0.01879142857142857,0.00018608164267281928,0.06666666666666667,0.6842,0.6235028571428571,0.5619047619047619,0.6571428571428571,1.0,60,True,True
qwen3b_v4,judge2,fixed13,paper,0.05,105,4,-3.7288646697998047,8,105,0.0761904761904762,0.03911018406047028,0.14318776084294899,0.027522935779816515,0.13833504918782885,0.04671047619047619,0.0002867569138206858,0.11428571428571428,0.8755,0.3679523809523809,0.2571428571428571,0.2857142857142857,0.48333333333333334,60,True,True
qwen3b_v4,judge2,fixed13,paper,0.1,105,9,-3.365139961242676,12,105,0.11428571428571428,0.06659636239485518,0.18920289083185224,0.0476078167115903,0.1909235976789168,0.09415809523809524,0.00040358862144721473,0.18095238095238095,0.7472,0.18854380952380953,0.17142857142857143,0.17142857142857143,0.0,60,True,True
qwen3b_v4,judge2,fixed13,host_kept,0.02,105,1,inf,2,105,0.01904761904761905,0.005239072265250377,0.06680691015323667,0.0,0.06382978723404255,0.013070476190476191,9.406013330017067e-05,0.02857142857142857,0.8789,0.2669314285714286,0.0,0.0,0.0,60,True,True
qwen3b_v4,judge2,fixed13,host_kept,0.05,105,1,inf,2,105,0.01904761904761905,0.005239072265250377,0.06680691015323667,0.0,0.06382978723404255,0.014289523809523811,8.1687053256665e-05,0.02857142857142857,0.8789,0.0,0.0,0.0,0.0,60,True,True
qwen3b_v4,judge2,fixed13,host_kept,0.1,105,1,inf,2,105,0.01904761904761905,0.005239072265250377,0.06680691015323667,0.0,0.06382978723404255,0.014289523809523811,8.1687053256665e-05,0.02857142857142857,0.8789,0.0,0.0,0.0,0.0,60,True,True
qwen3b_v4,judge2,union,paper,0.02,105,1,-4.859389305114746,2,105,0.01904761904761905,0.005239072265250377,0.06680691015323667,0.0,0.0480885922330097,0.018709523809523815,0.0001844674853882185,0.06666666666666667,0.6954,0.6846057142857142,0.6,0.6952380952380952,1.0,60,True,True
qwen3b_v4,judge2,union,paper,0.05,105,4,-3.978990077972412,7,105,0.06666666666666667,0.032665468928650555,0.13125714889394666,0.019226190476190477,0.12155318202047169,0.0469104761904762,0.0002852339075320483,0.11428571428571428,0.8152,0.44148000000000004,0.37142857142857144,0.34285714285714286,0.48333333333333334,60,True,True
qwen3b_v4,judge2,union,paper,0.1,105,9,-3.4882752895355225,13,105,0.12380952380952381,0.07380094170864485,0.2003736385988846,0.05823842419716206,0.20202020202020202,0.09384857142857142,0.00040232654204997017,0.18095238095238095,0.8087,0.2345542857142857,0.18095238095238095,0.2,0.0,60,True,True
qwen3b_v4,judge2,union,host_kept,0.02,105,1,-4.859389305114746,1,105,0.009523809523809525,0.001683125905052792,0.051987529432612214,0.0,0.031914893617021274,0.018592380952380954,0.00017831831525733574,0.06666666666666667,0.5012,0.5572133333333334,0.6,0.6952380952380952,1.0,60,True,True
qwen3b_v4,judge2,union,host_kept,0.05,105,4,-3.0286498069763184,3,105,0.02857142857142857,0.009763662138955605,0.08065764736035347,0.0,0.07529185867895544,0.039286666666666664,0.00017818943396414555,0.06666666666666667,0.3598,0.0813304761904762,0.12380952380952381,0.06666666666666667,0.0,60,True,True
qwen3b_v4,judge2,union,host_kept,0.1,105,5,inf,4,105,0.0380952380952381,0.014912218047781598,0.09388441853234951,0.0,0.090929941618015,0.04274476190476191,0.00013886071415273983,0.06666666666666667,0.5025,0.0,0.0,0.0,0.0,60,True,True
qwen3b_v4,learned_all,logged,paper,0.02,65,0,0.7008371229414415,2,105,0.01904761904761905,0.005239072265250377,0.06680691015323667,0.0,0.05053108403623865,0.014868571428571429,0.00017440250832907484,0.06666666666666667,0.7676,0.364207619047619,0.0,0.0,0.0,60,True,True
qwen3b_v4,learned_all,logged,paper,0.05,65,2,0.9748448864688767,2,105,0.01904761904761905,0.005239072265250377,0.06680691015323667,0.0,0.05053108403623865,0.03592952380952381,0.00017971621177791545,0.06666666666666667,0.2819,0.0,0.0,0.0,0.0,60,True,True
qwen3b_v4,learned_all,logged,paper,0.1,65,4,inf,3,105,0.02857142857142857,0.009763662138955605,0.08065764736035347,0.0,0.06365095913261049,0.04135619047619048,0.0001211331237629642,0.06666666666666667,0.2478,0.0,0.0,0.0,0.0,60,True,True
qwen3b_v4,learned_all,fixed13,paper,0.02,65,0,0.10526505653006495,2,105,0.01904761904761905,0.005239072265250377,0.06680691015323667,0.0,0.04807692307692308,0.014871428571428572,0.0001845996697973657,0.06666666666666667,0.7702,0.709909523809524,0.6857142857142857,0.8,1.0,60,True,True
qwen3b_v4,learned_all,fixed13,paper,0.05,65,2,0.4742686835748041,8,105,0.0761904761904762,0.03911018406047028,0.14318776084294899,0.019226190476190477,0.14893617021276595,0.04374952380952381,0.00032232665712260536,0.12380952380952381,0.8702,0.14655047619047618,0.0,0.0,0.0,60,True,True
qwen3b_v4,learned_all,fixed13,paper,0.1,65,5,0.8142068080536542,11,105,0.10476190476190476,0.059510259416906686,0.17791366672897868,0.03157072368421053,0.19806930693069302,0.08985142857142857,0.00044150274904133013,0.19047619047619047,0.6996,0.0024799999999999996,0.0,0.0,0.0,60,True,True
qwen3b_v4,learned_all,fixed13,host_kept,0.02,65,0,0.10526505653006495,1,105,0.009523809523809525,0.001683125905052792,0.051987529432612214,0.0,0.031914893617021274,0.01177047619047619,0.00011279147975834131,0.02857142857142857,0.6182,0.5896257142857144,0.6857142857142857,0.8,1.0,60,True,True
qwen3b_v4,learned_all,fixed13,host_kept,0.05,65,1,inf,2,105,0.01904761904761905,0.005239072265250377,0.06680691015323667,0.0,0.06382978723404255,0.01766857142857143,7.965361008147464e-05,0.02857142857142857,0.7674,0.02541047619047619,0.0,0.0,0.0,60,True,True
qwen3b_v4,learned_all,fixed13,host_kept,0.1,65,1,inf,2,105,0.01904761904761905,0.005239072265250377,0.06680691015323667,0.0,0.06382978723404255,0.01766857142857143,7.965361008147464e-05,0.02857142857142857,0.7674,0.0,0.0,0.0,0.0,60,True,True
qwen3b_v4,learned_all,union,paper,0.02,65,0,0.10526505653006495,2,105,0.01904761904761905,0.005239072265250377,0.06680691015323667,0.0,0.04807692307692308,0.014891428571428571,0.0001857835175854304,0.06666666666666667,0.7702,0.725632380952381,0.6857142857142857,0.8,1.0,60,True,True
qwen3b_v4,learned_all,union,paper,0.05,65,2,0.4742686835748041,9,105,0.08571428571428572,0.045748960070996485,0.1549243119132448,0.02911921209858103,0.1595744680851064,0.04378761904761905,0.0003232461021354336,0.12380952380952381,0.9077,0.14687047619047616,0.0,0.0,0.0,60,True,True
qwen3b_v4,learned_all,union,paper,0.1,65,5,0.7008371229414415,11,105,0.10476190476190476,0.059510259416906686,0.17791366672897868,0.03845238095238095,0.18269489247311826,0.09002190476190476,0.0004442538203226966,0.19047619047619047,0.7052,0.0029009523809523812,0.0,0.0,0.0,60,True,True
qwen3b_v4,learned_all,union,host_kept,0.02,65,0,0.10526505653006495,1,105,0.009523809523809525,0.001683125905052792,0.051987529432612214,0.0,0.031914893617021274,0.015110476190476192,0.00018400615506250462,0.06666666666666667,0.6182,0.6058419047619047,0.6857142857142857,0.8,1.0,60,True,True
qwen3b_v4,learned_all,union,host_kept,0.05,65,2,0.8584130815098104,3,105,0.02857142857142857,0.009763662138955605,0.08065764736035347,0.0,0.07764655172413788,0.04066,0.00023138286373590298,0.0761904761904762,0.4084,0.026004761904761902,0.0,0.0,0.0,60,True,True
qwen3b_v4,learned_all,union,host_kept,0.1,65,5,inf,4,105,0.0380952380952381,0.014912218047781598,0.09388441853234951,0.0,0.090929941618015,0.05283523809523811,0.00014284919612717945,0.0761904761904762,0.2239,0.0,0.0,0.0,0.0,60,True,True
qwen3b_v4,learned_blind,logged,paper,0.02,65,0,0.4816109304343923,3,105,0.02857142857142857,0.009763662138955605,0.08065764736035347,0.0,0.06365095913261049,0.014905714285714284,0.00017432726644153897,0.06666666666666667,0.8575,0.39089238095238094,0.009523809523809525,0.03076923076923077,0.0,60,True,True
qwen3b_v4,learned_blind,logged,paper,0.05,65,2,0.8075491227750587,3,105,0.02857142857142857,0.009763662138955605,0.08065764736035347,0.0,0.06365095913261049,0.03588476190476191,0.0001798358069121771,0.06666666666666667,0.4155,0.006002857142857142,0.0,0.0,0.0,60,True,True
qwen3b_v4,learned_blind,logged,paper,0.1,65,4,inf,3,105,0.02857142857142857,0.009763662138955605,0.08065764736035347,0.0,0.06365095913261049,0.04136,0.00012101796590681147,0.06666666666666667,0.2478,0.0,0.0,0.0,0.0,60,True,True
qwen3b_v4,learned_blind,fixed13,paper,0.02,65,0,0.29688553142325197,1,105,0.009523809523809525,0.001683125905052792,0.051987529432612214,0.0,0.031914893617021274,0.015310476190476192,0.00019168254468942842,0.06666666666666667,0.6181,0.2797542857142857,0.2571428571428571,0.23076923076923078,0.0,60,True,True
qwen3b_v4,learned_blind,fixed13,paper,0.05,65,2,0.3823799929095122,2,105,0.01904761904761905,0.005239072265250377,0.06680691015323667,0.0,0.06382978723404255,0.04508666666666667,0.00031781154673608944,0.12380952380952381,0.2825,0.05112571428571429,0.0761904761904762,0.06153846153846154,0.0,60,True,True
qwen3b_v4,learned_blind,fixed13,paper,0.1,65,5,0.480243637450527,8,105,0.0761904761904762,0.03911018406047028,0.14318776084294899,0.020202020202020204,0.1442332474226804,0.08900190476190475,0.00044602380627539685,0.19047619047619047,0.5197,0.012150476190476192,0.009523809523809525,0.03076923076923077,0.0,60,True,True
qwen3b_v4,learned_blind,fixed13,host_kept,0.02,65,0,0.3479083898170939,2,105,0.01904761904761905,0.005239072265250377,0.06680691015323667,0.0,0.06382978723404255,0.011786666666666668,0.00011282746600602704,0.02857142857142857,0.7674,0.24401809523809526,0.13333333333333333,0.15384615384615385,0.0,60,True,True
qwen3b_v4,learned_blind,fixed13,host_kept,0.05,65,1,inf,2,105,0.01904761904761905,0.005239072265250377,0.06680691015323667,0.0,0.06382978723404255,0.01766857142857143,7.965361008147464e-05,0.02857142857142857,0.7674,0.007861904761904763,0.0,0.0,0.0,60,True,True
qwen3b_v4,learned_blind,fixed13,host_kept,0.1,65,1,inf,2,105,0.01904761904761905,0.005239072265250377,0.06680691015323667,0.0,0.06382978723404255,0.01766857142857143,7.965361008147464e-05,0.02857142857142857,0.7674,0.0,0.0,0.0,0.0,60,True,True
qwen3b_v4,learned_blind,union,paper,0.02,65,0,0.29688553142325197,1,105,0.009523809523809525,0.001683125905052792,0.051987529432612214,0.0,0.031914893617021274,0.015415238095238095,0.00019497899591088656,0.06666666666666667,0.6181,0.4736228571428572,0.2571428571428571,0.23076923076923078,0.0,60,True,True
qwen3b_v4,learned_blind,union,paper,0.05,65,2,0.3823799929095122,4,105,0.0380952380952381,0.014912218047781598,0.09388441853234951,0.0,0.090929941618015,0.04543333333333334,0.0003236243788406251,0.12380952380952381,0.5443,0.06706952380952381,0.0761904761904762,0.06153846153846154,0.0,60,True,True
qwen3b_v4,learned_blind,union,paper,0.1,65,5,0.480243637450527,10,105,0.09523809523809523,0.052555742983156815,0.1664928560819065,0.03668071741466237,0.16674999999999993,0.08930857142857145,0.0004467221957253166,0.19047619047619047,0.6783,0.015978095238095236,0.009523809523809525,0.03076923076923077,0.0,60,True,True
qwen3b_v4,learned_blind,union,host_kept,0.02,65,0,0.3479083898170939,2,105,0.01904761904761905,0.005239072265250377,0.06680691015323667,0.0,0.06382978723404255,0.01514,0.00018390391809325956,0.06666666666666667,0.7674,0.44663523809523814,0.13333333333333333,0.15384615384615385,0.0,60,True,True
qwen3b_v4,learned_blind,union,host_kept,0.05,65,2,0.8000574686259323,4,105,0.0380952380952381,0.014912218047781598,0.09388441853234951,0.0,0.090929941618015,0.04055142857142857,0.000231226191105386,0.0761904761904762,0.5437,0.028297142857142858,0.0,0.0,0.0,60,True,True
qwen3b_v4,learned_blind,union,host_kept,0.1,65,5,inf,4,105,0.0380952380952381,0.014912218047781598,0.09388441853234951,0.0,0.090929941618015,0.05282952380952381,0.00014302235242937195,0.0761904761904762,0.2239,6.000000000000001e-05,0.0,0.0,0.0,60,True,True
